page,clicks,impressions,position_avg,ctr_pct
https://www.miaphotobooth.net/post/what-size-are-photo-booth-pictures-a-complete-breakdown,3839,203091,4.42,1.89
https://www.miaphotobooth.net/post/what-are-the-photo-booth-pictures-called-understanding-photo-booth-photos,198,95398,4.09,0.208
https://www.miaphotobooth.net/,375,68781,16.54,0.545
https://www.miaphotobooth.net/?utm_source=gmb&utm_medium=click&utm_campaign=gmb_listing,102,19050,4.84,0.535
https://www.miaphotobooth.net/post/how-to-make-photo-booth-props-fun-and-easy-diy-ideas,32,6408,14.08,0.499
https://www.miaphotobooth.net/post/glam-photo-booths-for-brides,0,4920,8.82,0.0
https://www.miaphotobooth.net/serving-all-of-miami-fl,2,4780,13.21,0.042
https://www.miaphotobooth.net/360-photo-booth,3,4773,12.17,0.063
https://www.miaphotobooth.net/post/how-to-display-photo-booth-strips-tips-and-ideas,22,3772,7.61,0.583
https://www.miaphotobooth.net/packages,2,3519,8.86,0.057
https://www.miaphotobooth.net/events-gallery,8,3339,8.83,0.24
https://www.miaphotobooth.net/frequently-asked-questions,1,2188,11.47,0.046
https://www.miaphotobooth.net/contact,2,1991,10.63,0.1
https://www.miaphotobooth.net/post/what-is-a-360-photo-booth-a-complete-guide-for-event-planners,0,1725,32.03,0.0
https://www.miaphotobooth.net/post/how-can-i-create-a-polaroid-frame-for-my-photo-booth,25,1582,9.4,1.58
https://www.miaphotobooth.net/glam-booth,4,1575,17.44,0.254
https://www.miaphotobooth.net/post/miamis-best-photo-booth-rentals,1,1113,41.59,0.09
https://www.miaphotobooth.net/post/what-do-360-photo-booth-pictures-look-like,6,1027,12.02,0.584
https://www.miaphotobooth.net/leading-photo-booth-rental-in-coral-gables-fl,2,1001,34.4,0.2
https://www.miaphotobooth.net/roamer-booth,3,980,26.41,0.306
https://www.miaphotobooth.net/post/roamer-photo-booth-rental-miami,4,931,27.16,0.43
https://www.miaphotobooth.net/prime-photo-booth-rental-in-southeast-gables-fl,0,870,56.2,0.0
https://www.miaphotobooth.net/post/social-photo-booth-rental-miami,0,781,45.22,0.0
https://www.miaphotobooth.net/popular-photo-booth-rental-in-wynwood-fl,1,754,12.96,0.133
https://www.miaphotobooth.net/post/what-you-need-for-a-360-photo-booth,3,718,7.78,0.418
https://www.miaphotobooth.net/post/how-to-effectively-display-photo-booth-props,13,711,5.97,1.828
https://www.miaphotobooth.net/stylish-photobooth-rental-in-virginia-gardens-fl,0,580,27.43,0.0
https://www.miaphotobooth.net/post/best-photo-booth-rental-packages-for-corporate-events-in-miami,0,559,11.89,0.0
https://www.miaphotobooth.net/post/audio-guestbook-experience-miami,19,486,10.69,3.909
https://www.miaphotobooth.net/post/360-photo-booth-miami,0,486,61.07,0.0
https://www.miaphotobooth.net/post/how-to-set-up-a-360-photo-booth,1,472,12.66,0.212
https://www.miaphotobooth.net/local-photo-booth-rental-in-town-park-estates-fl,0,438,29.27,0.0
https://www.miaphotobooth.net/post/how-to-set-up-proper-lighting,2,370,9.59,0.541
https://www.miaphotobooth.net/high-quality-photo-booth-rental-in-westchester-fl,1,369,42.51,0.271
https://www.miaphotobooth.net/premier-photobooth-rental-in-miami-springs-fl,0,364,30.89,0.0
https://www.miaphotobooth.net/studio-booth,0,359,16.87,0.0
https://www.miaphotobooth.net/classy-photo-booth-rental-in-coral-terrace-fl,1,357,35.72,0.28
https://www.miaphotobooth.net/post/top-5-photo-booth-trends-in-miami-for-2026,0,336,9.04,0.0
https://www.miaphotobooth.net/post/how-do-you-make-a-photo-booth-for-a-wedding-a-complete-diy-guide,0,300,28.74,0.0
https://www.miaphotobooth.net/post/master-the-art-of-how-to-pose-for-360-photo-booth-photos,3,282,12.82,1.064
https://www.miaphotobooth.net/modern-photo-booth-rental-in-coral-groves-fl,1,274,45.69,0.365
https://www.miaphotobooth.net/post/what-is-glamour-shots,0,260,7.87,0.0
https://www.miaphotobooth.net/post/how-do-you-make-a-photo-booth-frame-a-step-by-step-guide,2,259,8.27,0.772
https://www.miaphotobooth.net/dependable-photo-booth-rental-in-sunset-fl,2,253,29.81,0.791
https://www.miaphotobooth.net/exclusive-photobooth-rental-in-gladeview-fl,0,235,36.92,0.0
https://www.miaphotobooth.net/exceptional-photo-booth-rental-in-granada-fl,1,225,17.63,0.444
https://www.miaphotobooth.net/audio-guestbook,7,222,11.64,3.153
https://www.miaphotobooth.net/post/360-photo-booth-rental-miami,0,178,50.82,0.0
https://www.miaphotobooth.net/top-photo-booth-rental-in-westwood-lakes-fl,0,178,37.68,0.0
https://www.miaphotobooth.net/unique-photo-booth-rental-in-allapattah-fl,0,177,22.2,0.0
https://www.miaphotobooth.net/famous-photo-booth-rental-in-douglas-fl,0,160,43.17,0.0
https://www.miaphotobooth.net/premium-photo-booth-rental-in-olympia-heights-fl,0,159,26.1,0.0
https://www.miaphotobooth.net/post/what-to-do-with-photo-booth-pictures,1,157,7.72,0.637
https://www.miaphotobooth.net/social-booth,0,154,16.2,0.0
https://www.miaphotobooth.net/post/how-to-take-a-boomerang-photo,3,138,7.0,2.174
https://www.miaphotobooth.net/post/fun-kissing-booth-photo-prop,1,131,8.11,0.763
https://www.miaphotobooth.net/reliable-photo-booth-rental-in-flagami-fl,0,126,31.83,0.0
https://www.miaphotobooth.net/post/what-are-photo-booth-pictures-a-complete-breakdown,0,124,1.13,0.0
https://www.miaphotobooth.net/professional-photo-booth-rental-in-university-park-fl,0,110,33.39,0.0
https://www.miaphotobooth.net/post/roamer-booth-benefits-to-events,0,76,9.87,0.0
https://www.miaphotobooth.net/post/how-a-360-photo-booth-can-take-your-miami-event-to-the-next-level,1,72,16.24,1.389
https://www.miaphotobooth.net/post/360-event-photo-booth-miami,0,71,35.82,0.0
https://www.miaphotobooth.net/post/how-to-choose-the-best-photo-booth-for-your-event,0,69,21.45,0.0
https://www.miaphotobooth.net/trendy-photo-booth-rental-in-edgewater-fl,0,65,38.39,0.0
https://www.miaphotobooth.net/post/custom-instagram-photo-booth-frame,0,64,15.54,0.0
https://www.miaphotobooth.net/post/what-are-creative-photo-booth-ideas-for-weddings-explore-unique-options,1,56,28.69,1.786
https://www.miaphotobooth.net/post/photo-booths-for-wedding-memories,0,53,13.98,0.0
https://www.miaphotobooth.net/outstanding-photo-booth-rental-in-west-flagler-fl,0,51,35.35,0.0
https://www.miaphotobooth.net/post/how-to-make-a-photo-booth-for-a-party-easy-diy-setup,0,48,48.69,0.0
https://www.miaphotobooth.net/post/bridal-shower-photo-booth-companies,0,47,19.35,0.0
https://www.miaphotobooth.net/post/what-type-of-photo-booth-to-hire,1,42,9.36,2.381
https://www.miaphotobooth.net/luxury-photo-booth-rental-in-overtown-fl,0,35,39.2,0.0
https://www.miaphotobooth.net/quality-photo-booth-rental-in-spring-garden-fl,0,32,39.41,0.0
https://www.miaphotobooth.net/blogs,0,28,5.86,0.0
https://www.miaphotobooth.net/top-tier-photo-booth-rental-in-grapeland-heights-fl,0,28,27.87,0.0
https://www.miaphotobooth.net/post/360-photo-booth,0,27,6.49,0.0
https://www.miaphotobooth.net/post/make-a-social-media-frame-for-photo-booth,0,25,5.85,0.0
https://www.miaphotobooth.net/post/how-to-set-up-a-photo-booth-perfect-for-your-event-or-celebration,0,24,15.33,0.0
https://www.miaphotobooth.net/post/why-miami-events-are-loving-social-booths,0,21,11.71,0.0
https://www.miaphotobooth.net/?utm_source=gmb&utm_medium=organic&utm_campaign=gmb_listing,1,19,8.67,5.263
https://www.miaphotobooth.net/post/photo-booths-for-corporate-galas,0,19,11.0,0.0
https://www.miaphotobooth.net/post/photo-booth-backdrop-ideas-for-any-event,0,19,18.3,0.0
https://www.miaphotobooth.net/post/top-christmas-photo-booth-prop-ideas-for-festive-fun,0,17,9.68,0.0
https://www.miaphotobooth.net/post/diy-photo-booth-setup-for-home-parties,0,12,6.67,0.0
https://www.miaphotobooth.net/post/why-hire-a-photo-booth-for-your-event,0,12,5.72,0.0
https://www.miaphotobooth.net/copy-of-packages,0,4,4.75,0.0
