page,week_start,clicks,impressions,position_avg,ctr_pct
https://www.miaphotobooth.net/,2026-02-09,13,1463,17.08,0.889
https://www.miaphotobooth.net/,2026-02-16,17,1546,15.92,1.1
https://www.miaphotobooth.net/,2026-02-23,20,2424,11.7,0.825
https://www.miaphotobooth.net/,2026-03-02,11,2223,10.03,0.495
https://www.miaphotobooth.net/,2026-03-09,2,1044,10.19,0.192
https://www.miaphotobooth.net/,2026-03-16,10,1379,9.36,0.725
https://www.miaphotobooth.net/,2026-03-23,11,1388,12.12,0.793
https://www.miaphotobooth.net/,2026-03-30,12,1581,15.24,0.759
https://www.miaphotobooth.net/,2026-04-06,7,1225,13.01,0.571
https://www.miaphotobooth.net/,2026-04-13,6,1210,13.08,0.496
https://www.miaphotobooth.net/,2026-04-20,4,1099,16.87,0.364
https://www.miaphotobooth.net/,2026-04-27,2,4504,9.2,0.044
https://www.miaphotobooth.net/,2026-05-04,8,4201,8.47,0.19
https://www.miaphotobooth.net/,2026-05-11,6,3880,10.24,0.155
https://www.miaphotobooth.net/,2026-05-18,4,866,15.28,0.462
https://www.miaphotobooth.net/,2026-05-25,0,523,18.57,0.0
https://www.miaphotobooth.net/360-photo-booth,2026-02-09,0,91,11.23,0.0
https://www.miaphotobooth.net/360-photo-booth,2026-02-16,0,108,19.66,0.0
https://www.miaphotobooth.net/360-photo-booth,2026-02-23,0,79,14.23,0.0
https://www.miaphotobooth.net/360-photo-booth,2026-03-02,0,65,9.82,0.0
https://www.miaphotobooth.net/360-photo-booth,2026-03-09,0,88,12.29,0.0
https://www.miaphotobooth.net/360-photo-booth,2026-03-16,0,70,12.22,0.0
https://www.miaphotobooth.net/360-photo-booth,2026-03-23,1,71,10.25,1.408
https://www.miaphotobooth.net/360-photo-booth,2026-03-30,0,100,11.69,0.0
https://www.miaphotobooth.net/360-photo-booth,2026-04-06,0,62,8.16,0.0
https://www.miaphotobooth.net/360-photo-booth,2026-04-13,1,44,8.46,2.273
https://www.miaphotobooth.net/360-photo-booth,2026-04-20,0,27,8.38,0.0
https://www.miaphotobooth.net/360-photo-booth,2026-04-27,0,37,11.47,0.0
https://www.miaphotobooth.net/360-photo-booth,2026-05-04,0,60,13.39,0.0
https://www.miaphotobooth.net/360-photo-booth,2026-05-11,0,35,7.97,0.0
https://www.miaphotobooth.net/360-photo-booth,2026-05-18,0,45,8.74,0.0
https://www.miaphotobooth.net/360-photo-booth,2026-05-25,0,25,8.37,0.0
https://www.miaphotobooth.net/?utm_source=gmb&utm_medium=click&utm_campaign=gmb_listing,2026-02-09,3,168,3.23,1.786
https://www.miaphotobooth.net/?utm_source=gmb&utm_medium=click&utm_campaign=gmb_listing,2026-02-16,0,189,2.75,0.0
https://www.miaphotobooth.net/?utm_source=gmb&utm_medium=click&utm_campaign=gmb_listing,2026-02-23,2,645,3.73,0.31
https://www.miaphotobooth.net/?utm_source=gmb&utm_medium=click&utm_campaign=gmb_listing,2026-03-02,1,813,3.54,0.123
https://www.miaphotobooth.net/?utm_source=gmb&utm_medium=click&utm_campaign=gmb_listing,2026-03-09,3,334,3.68,0.898
https://www.miaphotobooth.net/?utm_source=gmb&utm_medium=click&utm_campaign=gmb_listing,2026-03-16,3,790,2.61,0.38
https://www.miaphotobooth.net/?utm_source=gmb&utm_medium=click&utm_campaign=gmb_listing,2026-03-23,4,287,4.96,1.394
https://www.miaphotobooth.net/?utm_source=gmb&utm_medium=click&utm_campaign=gmb_listing,2026-03-30,4,365,6.14,1.096
https://www.miaphotobooth.net/?utm_source=gmb&utm_medium=click&utm_campaign=gmb_listing,2026-04-06,5,501,3.48,0.998
https://www.miaphotobooth.net/?utm_source=gmb&utm_medium=click&utm_campaign=gmb_listing,2026-04-13,1,315,2.91,0.317
https://www.miaphotobooth.net/?utm_source=gmb&utm_medium=click&utm_campaign=gmb_listing,2026-04-20,3,232,3.76,1.293
https://www.miaphotobooth.net/?utm_source=gmb&utm_medium=click&utm_campaign=gmb_listing,2026-04-27,4,4087,5.42,0.098
https://www.miaphotobooth.net/?utm_source=gmb&utm_medium=click&utm_campaign=gmb_listing,2026-05-04,1,3440,3.0,0.029
https://www.miaphotobooth.net/?utm_source=gmb&utm_medium=click&utm_campaign=gmb_listing,2026-05-11,1,1574,3.94,0.064
https://www.miaphotobooth.net/?utm_source=gmb&utm_medium=click&utm_campaign=gmb_listing,2026-05-18,0,153,4.26,0.0
https://www.miaphotobooth.net/?utm_source=gmb&utm_medium=click&utm_campaign=gmb_listing,2026-05-25,0,378,2.93,0.0
https://www.miaphotobooth.net/audio-guestbook,2026-03-16,0,10,6.71,0.0
https://www.miaphotobooth.net/audio-guestbook,2026-03-23,0,15,5.81,0.0
https://www.miaphotobooth.net/audio-guestbook,2026-03-30,1,8,5.13,12.5
https://www.miaphotobooth.net/audio-guestbook,2026-04-06,0,4,4.67,0.0
https://www.miaphotobooth.net/audio-guestbook,2026-04-13,0,5,4.75,0.0
https://www.miaphotobooth.net/audio-guestbook,2026-04-20,0,7,9.46,0.0
https://www.miaphotobooth.net/audio-guestbook,2026-04-27,1,3,2.75,33.333
https://www.miaphotobooth.net/audio-guestbook,2026-05-04,0,8,8.19,0.0
https://www.miaphotobooth.net/audio-guestbook,2026-05-11,0,6,7.0,0.0
https://www.miaphotobooth.net/audio-guestbook,2026-05-18,0,1,36.0,0.0
https://www.miaphotobooth.net/audio-guestbook,2026-05-25,1,2,6.0,50.0
https://www.miaphotobooth.net/classy-photo-booth-rental-in-coral-terrace-fl,2026-02-09,0,12,20.86,0.0
https://www.miaphotobooth.net/classy-photo-booth-rental-in-coral-terrace-fl,2026-02-16,0,76,43.78,0.0
https://www.miaphotobooth.net/classy-photo-booth-rental-in-coral-terrace-fl,2026-02-23,0,17,24.65,0.0
https://www.miaphotobooth.net/classy-photo-booth-rental-in-coral-terrace-fl,2026-03-02,0,4,29.75,0.0
https://www.miaphotobooth.net/classy-photo-booth-rental-in-coral-terrace-fl,2026-03-09,0,5,59.67,0.0
https://www.miaphotobooth.net/classy-photo-booth-rental-in-coral-terrace-fl,2026-03-16,0,24,38.42,0.0
https://www.miaphotobooth.net/classy-photo-booth-rental-in-coral-terrace-fl,2026-03-23,0,5,28.56,0.0
https://www.miaphotobooth.net/classy-photo-booth-rental-in-coral-terrace-fl,2026-03-30,0,7,28.46,0.0
https://www.miaphotobooth.net/classy-photo-booth-rental-in-coral-terrace-fl,2026-04-06,0,3,81.0,0.0
https://www.miaphotobooth.net/classy-photo-booth-rental-in-coral-terrace-fl,2026-04-13,0,7,25.25,0.0
https://www.miaphotobooth.net/classy-photo-booth-rental-in-coral-terrace-fl,2026-04-20,0,16,25.96,0.0
https://www.miaphotobooth.net/classy-photo-booth-rental-in-coral-terrace-fl,2026-04-27,0,8,44.8,0.0
https://www.miaphotobooth.net/classy-photo-booth-rental-in-coral-terrace-fl,2026-05-04,1,13,10.11,7.692
https://www.miaphotobooth.net/classy-photo-booth-rental-in-coral-terrace-fl,2026-05-11,0,12,40.72,0.0
https://www.miaphotobooth.net/classy-photo-booth-rental-in-coral-terrace-fl,2026-05-18,0,2,58.5,0.0
https://www.miaphotobooth.net/classy-photo-booth-rental-in-coral-terrace-fl,2026-05-25,0,2,50.5,0.0
https://www.miaphotobooth.net/contact,2026-02-09,0,55,11.03,0.0
https://www.miaphotobooth.net/contact,2026-02-16,0,46,12.69,0.0
https://www.miaphotobooth.net/contact,2026-02-23,0,34,20.58,0.0
https://www.miaphotobooth.net/contact,2026-03-02,0,28,7.26,0.0
https://www.miaphotobooth.net/contact,2026-03-09,0,25,9.57,0.0
https://www.miaphotobooth.net/contact,2026-03-16,0,33,12.64,0.0
https://www.miaphotobooth.net/contact,2026-03-23,0,30,25.48,0.0
https://www.miaphotobooth.net/contact,2026-03-30,0,50,17.59,0.0
https://www.miaphotobooth.net/contact,2026-04-06,0,20,6.88,0.0
https://www.miaphotobooth.net/contact,2026-04-13,1,39,11.91,2.564
https://www.miaphotobooth.net/contact,2026-04-20,0,20,25.98,0.0
https://www.miaphotobooth.net/contact,2026-04-27,0,30,8.72,0.0
https://www.miaphotobooth.net/contact,2026-05-04,0,40,12.09,0.0
https://www.miaphotobooth.net/contact,2026-05-11,1,21,5.2,4.762
https://www.miaphotobooth.net/contact,2026-05-18,0,21,13.91,0.0
https://www.miaphotobooth.net/contact,2026-05-25,0,17,8.69,0.0
https://www.miaphotobooth.net/dependable-photo-booth-rental-in-sunset-fl,2026-02-09,0,8,20.38,0.0
https://www.miaphotobooth.net/dependable-photo-booth-rental-in-sunset-fl,2026-02-16,1,37,23.75,2.703
https://www.miaphotobooth.net/dependable-photo-booth-rental-in-sunset-fl,2026-02-23,0,1,70.0,0.0
https://www.miaphotobooth.net/dependable-photo-booth-rental-in-sunset-fl,2026-03-02,0,6,47.06,0.0
https://www.miaphotobooth.net/dependable-photo-booth-rental-in-sunset-fl,2026-03-09,0,5,26.88,0.0
https://www.miaphotobooth.net/dependable-photo-booth-rental-in-sunset-fl,2026-03-16,0,9,29.81,0.0
https://www.miaphotobooth.net/dependable-photo-booth-rental-in-sunset-fl,2026-03-23,0,4,11.83,0.0
https://www.miaphotobooth.net/dependable-photo-booth-rental-in-sunset-fl,2026-03-30,0,3,59.25,0.0
https://www.miaphotobooth.net/dependable-photo-booth-rental-in-sunset-fl,2026-04-06,0,14,28.1,0.0
https://www.miaphotobooth.net/dependable-photo-booth-rental-in-sunset-fl,2026-04-13,0,6,38.22,0.0
https://www.miaphotobooth.net/dependable-photo-booth-rental-in-sunset-fl,2026-04-20,0,6,34.33,0.0
https://www.miaphotobooth.net/dependable-photo-booth-rental-in-sunset-fl,2026-04-27,0,13,30.3,0.0
https://www.miaphotobooth.net/dependable-photo-booth-rental-in-sunset-fl,2026-05-04,0,6,10.56,0.0
https://www.miaphotobooth.net/dependable-photo-booth-rental-in-sunset-fl,2026-05-11,0,6,55.08,0.0
https://www.miaphotobooth.net/dependable-photo-booth-rental-in-sunset-fl,2026-05-18,0,1,9.0,0.0
https://www.miaphotobooth.net/dependable-photo-booth-rental-in-sunset-fl,2026-05-25,0,5,32.33,0.0
https://www.miaphotobooth.net/events-gallery,2026-02-09,1,71,9.22,1.408
https://www.miaphotobooth.net/events-gallery,2026-02-16,0,52,7.94,0.0
https://www.miaphotobooth.net/events-gallery,2026-02-23,0,48,8.52,0.0
https://www.miaphotobooth.net/events-gallery,2026-03-02,0,36,7.56,0.0
https://www.miaphotobooth.net/events-gallery,2026-03-09,0,63,9.95,0.0
https://www.miaphotobooth.net/events-gallery,2026-03-16,0,53,12.53,0.0
https://www.miaphotobooth.net/events-gallery,2026-03-23,0,63,9.16,0.0
https://www.miaphotobooth.net/events-gallery,2026-03-30,2,91,11.74,2.198
https://www.miaphotobooth.net/events-gallery,2026-04-06,0,53,9.44,0.0
https://www.miaphotobooth.net/events-gallery,2026-04-13,0,41,10.99,0.0
https://www.miaphotobooth.net/events-gallery,2026-04-20,0,20,17.48,0.0
https://www.miaphotobooth.net/events-gallery,2026-04-27,0,30,9.9,0.0
https://www.miaphotobooth.net/events-gallery,2026-05-04,0,38,8.38,0.0
https://www.miaphotobooth.net/events-gallery,2026-05-11,1,30,7.55,3.333
https://www.miaphotobooth.net/events-gallery,2026-05-18,0,21,9.21,0.0
https://www.miaphotobooth.net/events-gallery,2026-05-25,1,13,10.45,7.692
https://www.miaphotobooth.net/exceptional-photo-booth-rental-in-granada-fl,2026-02-09,0,9,13.85,0.0
https://www.miaphotobooth.net/exceptional-photo-booth-rental-in-granada-fl,2026-02-16,0,27,18.1,0.0
https://www.miaphotobooth.net/exceptional-photo-booth-rental-in-granada-fl,2026-02-23,0,3,39.33,0.0
https://www.miaphotobooth.net/exceptional-photo-booth-rental-in-granada-fl,2026-03-02,0,6,48.4,0.0
https://www.miaphotobooth.net/exceptional-photo-booth-rental-in-granada-fl,2026-03-09,0,5,8.67,0.0
https://www.miaphotobooth.net/exceptional-photo-booth-rental-in-granada-fl,2026-03-16,0,12,14.23,0.0
https://www.miaphotobooth.net/exceptional-photo-booth-rental-in-granada-fl,2026-03-23,0,10,29.32,0.0
https://www.miaphotobooth.net/exceptional-photo-booth-rental-in-granada-fl,2026-03-30,0,4,38.75,0.0
https://www.miaphotobooth.net/exceptional-photo-booth-rental-in-granada-fl,2026-04-06,0,5,7.5,0.0
https://www.miaphotobooth.net/exceptional-photo-booth-rental-in-granada-fl,2026-04-13,0,6,10.0,0.0
https://www.miaphotobooth.net/exceptional-photo-booth-rental-in-granada-fl,2026-04-20,0,9,9.0,0.0
https://www.miaphotobooth.net/exceptional-photo-booth-rental-in-granada-fl,2026-04-27,0,4,9.83,0.0
https://www.miaphotobooth.net/exceptional-photo-booth-rental-in-granada-fl,2026-05-04,0,10,21.42,0.0
https://www.miaphotobooth.net/exceptional-photo-booth-rental-in-granada-fl,2026-05-11,0,6,8.8,0.0
https://www.miaphotobooth.net/exceptional-photo-booth-rental-in-granada-fl,2026-05-18,0,9,7.04,0.0
https://www.miaphotobooth.net/exceptional-photo-booth-rental-in-granada-fl,2026-05-25,0,13,11.38,0.0
https://www.miaphotobooth.net/exclusive-photobooth-rental-in-gladeview-fl,2026-02-09,0,7,41.2,0.0
https://www.miaphotobooth.net/exclusive-photobooth-rental-in-gladeview-fl,2026-02-16,0,40,51.0,0.0
https://www.miaphotobooth.net/exclusive-photobooth-rental-in-gladeview-fl,2026-02-23,0,14,42.77,0.0
https://www.miaphotobooth.net/exclusive-photobooth-rental-in-gladeview-fl,2026-03-02,0,1,39.0,0.0
https://www.miaphotobooth.net/exclusive-photobooth-rental-in-gladeview-fl,2026-03-09,0,4,29.5,0.0
https://www.miaphotobooth.net/exclusive-photobooth-rental-in-gladeview-fl,2026-03-16,0,11,30.75,0.0
https://www.miaphotobooth.net/exclusive-photobooth-rental-in-gladeview-fl,2026-03-30,0,6,44.67,0.0
https://www.miaphotobooth.net/exclusive-photobooth-rental-in-gladeview-fl,2026-04-06,0,1,6.0,0.0
https://www.miaphotobooth.net/exclusive-photobooth-rental-in-gladeview-fl,2026-04-13,0,2,34.5,0.0
https://www.miaphotobooth.net/exclusive-photobooth-rental-in-gladeview-fl,2026-04-20,0,9,39.6,0.0
https://www.miaphotobooth.net/exclusive-photobooth-rental-in-gladeview-fl,2026-04-27,0,9,27.0,0.0
https://www.miaphotobooth.net/exclusive-photobooth-rental-in-gladeview-fl,2026-05-04,0,5,44.25,0.0
https://www.miaphotobooth.net/exclusive-photobooth-rental-in-gladeview-fl,2026-05-11,0,11,41.33,0.0
https://www.miaphotobooth.net/exclusive-photobooth-rental-in-gladeview-fl,2026-05-18,0,6,43.6,0.0
https://www.miaphotobooth.net/exclusive-photobooth-rental-in-gladeview-fl,2026-05-25,0,7,62.0,0.0
https://www.miaphotobooth.net/famous-photo-booth-rental-in-douglas-fl,2026-02-09,0,5,50.67,0.0
https://www.miaphotobooth.net/famous-photo-booth-rental-in-douglas-fl,2026-02-16,0,33,58.66,0.0
https://www.miaphotobooth.net/famous-photo-booth-rental-in-douglas-fl,2026-02-23,0,18,56.1,0.0
https://www.miaphotobooth.net/famous-photo-booth-rental-in-douglas-fl,2026-03-02,0,9,27.6,0.0
https://www.miaphotobooth.net/famous-photo-booth-rental-in-douglas-fl,2026-03-09,0,6,66.75,0.0
https://www.miaphotobooth.net/famous-photo-booth-rental-in-douglas-fl,2026-03-16,0,5,23.62,0.0
https://www.miaphotobooth.net/famous-photo-booth-rental-in-douglas-fl,2026-03-23,0,2,63.0,0.0
https://www.miaphotobooth.net/famous-photo-booth-rental-in-douglas-fl,2026-03-30,0,4,42.17,0.0
https://www.miaphotobooth.net/famous-photo-booth-rental-in-douglas-fl,2026-04-06,0,3,27.67,0.0
https://www.miaphotobooth.net/famous-photo-booth-rental-in-douglas-fl,2026-04-20,0,1,41.0,0.0
https://www.miaphotobooth.net/famous-photo-booth-rental-in-douglas-fl,2026-04-27,0,3,27.67,0.0
https://www.miaphotobooth.net/famous-photo-booth-rental-in-douglas-fl,2026-05-04,0,1,87.0,0.0
https://www.miaphotobooth.net/famous-photo-booth-rental-in-douglas-fl,2026-05-11,0,4,64.67,0.0
https://www.miaphotobooth.net/famous-photo-booth-rental-in-douglas-fl,2026-05-18,0,1,5.0,0.0
https://www.miaphotobooth.net/famous-photo-booth-rental-in-douglas-fl,2026-05-25,0,1,7.0,0.0
https://www.miaphotobooth.net/frequently-asked-questions,2026-02-09,0,48,12.16,0.0
https://www.miaphotobooth.net/frequently-asked-questions,2026-02-16,0,60,12.46,0.0
https://www.miaphotobooth.net/frequently-asked-questions,2026-02-23,0,31,11.12,0.0
https://www.miaphotobooth.net/frequently-asked-questions,2026-03-02,0,22,8.44,0.0
https://www.miaphotobooth.net/frequently-asked-questions,2026-03-09,0,25,10.44,0.0
https://www.miaphotobooth.net/frequently-asked-questions,2026-03-16,0,35,17.17,0.0
https://www.miaphotobooth.net/frequently-asked-questions,2026-03-23,0,32,13.08,0.0
https://www.miaphotobooth.net/frequently-asked-questions,2026-03-30,0,42,13.18,0.0
https://www.miaphotobooth.net/frequently-asked-questions,2026-04-06,0,23,17.44,0.0
https://www.miaphotobooth.net/frequently-asked-questions,2026-04-13,0,22,10.52,0.0
https://www.miaphotobooth.net/frequently-asked-questions,2026-04-20,0,15,14.13,0.0
https://www.miaphotobooth.net/frequently-asked-questions,2026-04-27,0,22,10.09,0.0
https://www.miaphotobooth.net/frequently-asked-questions,2026-05-04,0,29,14.93,0.0
https://www.miaphotobooth.net/frequently-asked-questions,2026-05-11,0,12,6.75,0.0
https://www.miaphotobooth.net/frequently-asked-questions,2026-05-18,0,22,29.46,0.0
https://www.miaphotobooth.net/frequently-asked-questions,2026-05-25,0,11,18.72,0.0
https://www.miaphotobooth.net/glam-booth,2026-02-09,0,23,22.74,0.0
https://www.miaphotobooth.net/glam-booth,2026-02-16,0,26,17.19,0.0
https://www.miaphotobooth.net/glam-booth,2026-02-23,0,16,18.25,0.0
https://www.miaphotobooth.net/glam-booth,2026-03-02,0,76,31.02,0.0
https://www.miaphotobooth.net/glam-booth,2026-03-09,1,159,30.84,0.629
https://www.miaphotobooth.net/glam-booth,2026-03-16,0,61,20.2,0.0
https://www.miaphotobooth.net/glam-booth,2026-03-23,0,105,11.41,0.0
https://www.miaphotobooth.net/glam-booth,2026-03-30,0,99,10.0,0.0
https://www.miaphotobooth.net/glam-booth,2026-04-06,0,139,10.87,0.0
https://www.miaphotobooth.net/glam-booth,2026-04-13,1,147,13.44,0.68
https://www.miaphotobooth.net/glam-booth,2026-04-20,0,38,26.3,0.0
https://www.miaphotobooth.net/glam-booth,2026-04-27,1,258,13.88,0.388
https://www.miaphotobooth.net/glam-booth,2026-05-04,0,91,15.88,0.0
https://www.miaphotobooth.net/glam-booth,2026-05-11,0,43,16.31,0.0
https://www.miaphotobooth.net/glam-booth,2026-05-18,0,19,29.09,0.0
https://www.miaphotobooth.net/glam-booth,2026-05-25,0,29,33.34,0.0
https://www.miaphotobooth.net/high-quality-photo-booth-rental-in-westchester-fl,2026-02-09,0,3,17.33,0.0
https://www.miaphotobooth.net/high-quality-photo-booth-rental-in-westchester-fl,2026-02-16,0,13,51.37,0.0
https://www.miaphotobooth.net/high-quality-photo-booth-rental-in-westchester-fl,2026-02-23,0,2,33.5,0.0
https://www.miaphotobooth.net/high-quality-photo-booth-rental-in-westchester-fl,2026-03-02,0,7,34.88,0.0
https://www.miaphotobooth.net/high-quality-photo-booth-rental-in-westchester-fl,2026-03-09,0,7,63.13,0.0
https://www.miaphotobooth.net/high-quality-photo-booth-rental-in-westchester-fl,2026-03-16,0,10,78.54,0.0
https://www.miaphotobooth.net/high-quality-photo-booth-rental-in-westchester-fl,2026-03-23,0,7,69.12,0.0
https://www.miaphotobooth.net/high-quality-photo-booth-rental-in-westchester-fl,2026-03-30,1,7,58.88,14.286
https://www.miaphotobooth.net/high-quality-photo-booth-rental-in-westchester-fl,2026-04-06,0,6,48.75,0.0
https://www.miaphotobooth.net/high-quality-photo-booth-rental-in-westchester-fl,2026-04-13,0,4,59.0,0.0
https://www.miaphotobooth.net/high-quality-photo-booth-rental-in-westchester-fl,2026-04-20,0,5,65.0,0.0
https://www.miaphotobooth.net/high-quality-photo-booth-rental-in-westchester-fl,2026-04-27,0,7,39.7,0.0
https://www.miaphotobooth.net/high-quality-photo-booth-rental-in-westchester-fl,2026-05-04,0,9,55.2,0.0
https://www.miaphotobooth.net/high-quality-photo-booth-rental-in-westchester-fl,2026-05-11,0,6,60.0,0.0
https://www.miaphotobooth.net/high-quality-photo-booth-rental-in-westchester-fl,2026-05-18,0,4,37.5,0.0
https://www.miaphotobooth.net/high-quality-photo-booth-rental-in-westchester-fl,2026-05-25,0,6,53.58,0.0
https://www.miaphotobooth.net/leading-photo-booth-rental-in-coral-gables-fl,2026-02-09,0,47,46.07,0.0
https://www.miaphotobooth.net/leading-photo-booth-rental-in-coral-gables-fl,2026-02-16,0,33,41.56,0.0
https://www.miaphotobooth.net/leading-photo-booth-rental-in-coral-gables-fl,2026-02-23,0,33,35.18,0.0
https://www.miaphotobooth.net/leading-photo-booth-rental-in-coral-gables-fl,2026-03-02,0,20,25.69,0.0
https://www.miaphotobooth.net/leading-photo-booth-rental-in-coral-gables-fl,2026-03-09,0,22,41.7,0.0
https://www.miaphotobooth.net/leading-photo-booth-rental-in-coral-gables-fl,2026-03-16,0,30,17.91,0.0
https://www.miaphotobooth.net/leading-photo-booth-rental-in-coral-gables-fl,2026-03-23,1,11,10.27,9.091
https://www.miaphotobooth.net/leading-photo-booth-rental-in-coral-gables-fl,2026-03-30,0,15,19.76,0.0
https://www.miaphotobooth.net/leading-photo-booth-rental-in-coral-gables-fl,2026-04-06,0,10,13.21,0.0
https://www.miaphotobooth.net/leading-photo-booth-rental-in-coral-gables-fl,2026-04-13,0,5,6.33,0.0
https://www.miaphotobooth.net/leading-photo-booth-rental-in-coral-gables-fl,2026-04-20,0,12,36.36,0.0
https://www.miaphotobooth.net/leading-photo-booth-rental-in-coral-gables-fl,2026-04-27,0,12,9.5,0.0
https://www.miaphotobooth.net/leading-photo-booth-rental-in-coral-gables-fl,2026-05-04,0,10,15.64,0.0
https://www.miaphotobooth.net/leading-photo-booth-rental-in-coral-gables-fl,2026-05-11,0,26,35.71,0.0
https://www.miaphotobooth.net/leading-photo-booth-rental-in-coral-gables-fl,2026-05-18,0,16,7.88,0.0
https://www.miaphotobooth.net/leading-photo-booth-rental-in-coral-gables-fl,2026-05-25,0,8,25.75,0.0
https://www.miaphotobooth.net/local-photo-booth-rental-in-town-park-estates-fl,2026-02-09,0,8,67.23,0.0
https://www.miaphotobooth.net/local-photo-booth-rental-in-town-park-estates-fl,2026-02-16,0,21,54.72,0.0
https://www.miaphotobooth.net/local-photo-booth-rental-in-town-park-estates-fl,2026-02-23,0,2,18.5,0.0
https://www.miaphotobooth.net/local-photo-booth-rental-in-town-park-estates-fl,2026-03-09,0,1,62.0,0.0
https://www.miaphotobooth.net/local-photo-booth-rental-in-town-park-estates-fl,2026-03-16,0,4,56.83,0.0
https://www.miaphotobooth.net/local-photo-booth-rental-in-town-park-estates-fl,2026-03-23,0,1,94.0,0.0
https://www.miaphotobooth.net/local-photo-booth-rental-in-town-park-estates-fl,2026-03-30,0,4,27.67,0.0
https://www.miaphotobooth.net/local-photo-booth-rental-in-town-park-estates-fl,2026-04-06,0,2,49.5,0.0
https://www.miaphotobooth.net/local-photo-booth-rental-in-town-park-estates-fl,2026-04-13,0,1,39.0,0.0
https://www.miaphotobooth.net/local-photo-booth-rental-in-town-park-estates-fl,2026-04-20,0,4,56.67,0.0
https://www.miaphotobooth.net/local-photo-booth-rental-in-town-park-estates-fl,2026-04-27,0,3,20.75,0.0
https://www.miaphotobooth.net/local-photo-booth-rental-in-town-park-estates-fl,2026-05-04,0,4,50.67,0.0
https://www.miaphotobooth.net/local-photo-booth-rental-in-town-park-estates-fl,2026-05-11,0,4,52.17,0.0
https://www.miaphotobooth.net/local-photo-booth-rental-in-town-park-estates-fl,2026-05-25,0,1,66.0,0.0
https://www.miaphotobooth.net/luxury-photo-booth-rental-in-overtown-fl,2026-03-02,0,1,99.0,0.0
https://www.miaphotobooth.net/luxury-photo-booth-rental-in-overtown-fl,2026-03-09,0,5,53.83,0.0
https://www.miaphotobooth.net/luxury-photo-booth-rental-in-overtown-fl,2026-03-16,0,6,40.75,0.0
https://www.miaphotobooth.net/luxury-photo-booth-rental-in-overtown-fl,2026-03-30,0,2,78.5,0.0
https://www.miaphotobooth.net/luxury-photo-booth-rental-in-overtown-fl,2026-04-06,0,1,17.0,0.0
https://www.miaphotobooth.net/luxury-photo-booth-rental-in-overtown-fl,2026-04-13,0,2,7.0,0.0
https://www.miaphotobooth.net/luxury-photo-booth-rental-in-overtown-fl,2026-04-20,0,2,65.5,0.0
https://www.miaphotobooth.net/luxury-photo-booth-rental-in-overtown-fl,2026-04-27,0,7,2.53,0.0
https://www.miaphotobooth.net/luxury-photo-booth-rental-in-overtown-fl,2026-05-04,0,5,32.17,0.0
https://www.miaphotobooth.net/luxury-photo-booth-rental-in-overtown-fl,2026-05-11,0,3,46.5,0.0
https://www.miaphotobooth.net/luxury-photo-booth-rental-in-overtown-fl,2026-05-25,0,1,83.0,0.0
https://www.miaphotobooth.net/modern-photo-booth-rental-in-coral-groves-fl,2026-02-09,0,11,20.71,0.0
https://www.miaphotobooth.net/modern-photo-booth-rental-in-coral-groves-fl,2026-02-16,0,60,48.89,0.0
https://www.miaphotobooth.net/modern-photo-booth-rental-in-coral-groves-fl,2026-02-23,0,9,82.52,0.0
https://www.miaphotobooth.net/modern-photo-booth-rental-in-coral-groves-fl,2026-03-02,0,13,54.05,0.0
https://www.miaphotobooth.net/modern-photo-booth-rental-in-coral-groves-fl,2026-03-09,0,17,37.18,0.0
https://www.miaphotobooth.net/modern-photo-booth-rental-in-coral-groves-fl,2026-03-16,0,18,56.01,0.0
https://www.miaphotobooth.net/modern-photo-booth-rental-in-coral-groves-fl,2026-03-23,0,11,52.21,0.0
https://www.miaphotobooth.net/modern-photo-booth-rental-in-coral-groves-fl,2026-03-30,0,11,62.86,0.0
https://www.miaphotobooth.net/modern-photo-booth-rental-in-coral-groves-fl,2026-04-06,0,10,47.72,0.0
https://www.miaphotobooth.net/modern-photo-booth-rental-in-coral-groves-fl,2026-04-13,0,3,57.75,0.0
https://www.miaphotobooth.net/modern-photo-booth-rental-in-coral-groves-fl,2026-04-20,0,4,28.17,0.0
https://www.miaphotobooth.net/modern-photo-booth-rental-in-coral-groves-fl,2026-04-27,0,2,31.0,0.0
https://www.miaphotobooth.net/modern-photo-booth-rental-in-coral-groves-fl,2026-05-04,0,10,27.62,0.0
https://www.miaphotobooth.net/modern-photo-booth-rental-in-coral-groves-fl,2026-05-11,0,9,20.33,0.0
https://www.miaphotobooth.net/modern-photo-booth-rental-in-coral-groves-fl,2026-05-18,0,3,19.25,0.0
https://www.miaphotobooth.net/modern-photo-booth-rental-in-coral-groves-fl,2026-05-25,0,3,40.25,0.0
https://www.miaphotobooth.net/outstanding-photo-booth-rental-in-west-flagler-fl,2026-02-09,0,1,3.0,0.0
https://www.miaphotobooth.net/outstanding-photo-booth-rental-in-west-flagler-fl,2026-02-23,0,3,60.0,0.0
https://www.miaphotobooth.net/outstanding-photo-booth-rental-in-west-flagler-fl,2026-03-02,0,1,5.0,0.0
https://www.miaphotobooth.net/outstanding-photo-booth-rental-in-west-flagler-fl,2026-03-09,0,2,8.0,0.0
https://www.miaphotobooth.net/outstanding-photo-booth-rental-in-west-flagler-fl,2026-03-16,0,4,76.0,0.0
https://www.miaphotobooth.net/outstanding-photo-booth-rental-in-west-flagler-fl,2026-03-23,0,1,4.0,0.0
https://www.miaphotobooth.net/outstanding-photo-booth-rental-in-west-flagler-fl,2026-03-30,0,2,36.5,0.0
https://www.miaphotobooth.net/outstanding-photo-booth-rental-in-west-flagler-fl,2026-04-06,0,1,87.0,0.0
https://www.miaphotobooth.net/outstanding-photo-booth-rental-in-west-flagler-fl,2026-04-13,0,1,35.0,0.0
https://www.miaphotobooth.net/outstanding-photo-booth-rental-in-west-flagler-fl,2026-04-20,0,3,42.0,0.0
https://www.miaphotobooth.net/outstanding-photo-booth-rental-in-west-flagler-fl,2026-05-04,0,3,52.67,0.0
https://www.miaphotobooth.net/outstanding-photo-booth-rental-in-west-flagler-fl,2026-05-11,0,15,34.29,0.0
https://www.miaphotobooth.net/outstanding-photo-booth-rental-in-west-flagler-fl,2026-05-18,0,3,72.25,0.0
https://www.miaphotobooth.net/outstanding-photo-booth-rental-in-west-flagler-fl,2026-05-25,0,4,29.33,0.0
https://www.miaphotobooth.net/packages,2026-02-09,0,71,8.87,0.0
https://www.miaphotobooth.net/packages,2026-02-16,0,68,11.78,0.0
https://www.miaphotobooth.net/packages,2026-02-23,0,59,8.07,0.0
https://www.miaphotobooth.net/packages,2026-03-02,0,42,6.88,0.0
https://www.miaphotobooth.net/packages,2026-03-09,0,68,10.79,0.0
https://www.miaphotobooth.net/packages,2026-03-16,0,63,8.49,0.0
https://www.miaphotobooth.net/packages,2026-03-23,0,69,11.56,0.0
https://www.miaphotobooth.net/packages,2026-03-30,0,89,10.3,0.0
https://www.miaphotobooth.net/packages,2026-04-06,0,56,8.0,0.0
https://www.miaphotobooth.net/packages,2026-04-13,0,42,8.46,0.0
https://www.miaphotobooth.net/packages,2026-04-20,0,27,7.48,0.0
https://www.miaphotobooth.net/packages,2026-04-27,0,38,8.61,0.0
https://www.miaphotobooth.net/packages,2026-05-04,0,39,7.11,0.0
https://www.miaphotobooth.net/packages,2026-05-11,0,37,7.82,0.0
https://www.miaphotobooth.net/packages,2026-05-18,0,22,21.83,0.0
https://www.miaphotobooth.net/packages,2026-05-25,0,16,14.56,0.0
https://www.miaphotobooth.net/popular-photo-booth-rental-in-wynwood-fl,2026-02-09,0,78,8.8,0.0
https://www.miaphotobooth.net/popular-photo-booth-rental-in-wynwood-fl,2026-02-16,0,32,16.74,0.0
https://www.miaphotobooth.net/popular-photo-booth-rental-in-wynwood-fl,2026-02-23,0,15,9.9,0.0
https://www.miaphotobooth.net/popular-photo-booth-rental-in-wynwood-fl,2026-03-02,0,26,10.77,0.0
https://www.miaphotobooth.net/popular-photo-booth-rental-in-wynwood-fl,2026-03-09,1,35,8.92,2.857
https://www.miaphotobooth.net/popular-photo-booth-rental-in-wynwood-fl,2026-03-16,0,44,13.24,0.0
https://www.miaphotobooth.net/popular-photo-booth-rental-in-wynwood-fl,2026-03-23,0,23,8.94,0.0
https://www.miaphotobooth.net/popular-photo-booth-rental-in-wynwood-fl,2026-03-30,0,17,14.75,0.0
https://www.miaphotobooth.net/popular-photo-booth-rental-in-wynwood-fl,2026-04-06,0,17,8.16,0.0
https://www.miaphotobooth.net/popular-photo-booth-rental-in-wynwood-fl,2026-04-13,0,9,7.39,0.0
https://www.miaphotobooth.net/popular-photo-booth-rental-in-wynwood-fl,2026-04-20,0,9,8.3,0.0
https://www.miaphotobooth.net/popular-photo-booth-rental-in-wynwood-fl,2026-04-27,0,14,8.44,0.0
https://www.miaphotobooth.net/popular-photo-booth-rental-in-wynwood-fl,2026-05-04,0,18,26.83,0.0
https://www.miaphotobooth.net/popular-photo-booth-rental-in-wynwood-fl,2026-05-11,0,15,29.83,0.0
https://www.miaphotobooth.net/popular-photo-booth-rental-in-wynwood-fl,2026-05-25,0,3,22.0,0.0
https://www.miaphotobooth.net/post/360-event-photo-booth-miami,2026-02-23,0,4,9.5,0.0
https://www.miaphotobooth.net/post/360-event-photo-booth-miami,2026-03-02,0,1,10.0,0.0
https://www.miaphotobooth.net/post/360-event-photo-booth-miami,2026-05-18,0,2,35.0,0.0
https://www.miaphotobooth.net/post/360-photo-booth,2026-04-06,0,1,7.0,0.0
https://www.miaphotobooth.net/post/360-photo-booth,2026-04-13,0,5,7.83,0.0
https://www.miaphotobooth.net/post/360-photo-booth,2026-04-27,0,1,1.0,0.0
https://www.miaphotobooth.net/post/360-photo-booth-rental-miami,2026-02-09,0,13,39.19,0.0
https://www.miaphotobooth.net/post/360-photo-booth-rental-miami,2026-02-16,0,10,36.25,0.0
https://www.miaphotobooth.net/post/360-photo-booth-rental-miami,2026-02-23,0,5,50.92,0.0
https://www.miaphotobooth.net/post/360-photo-booth-rental-miami,2026-03-02,0,4,70.17,0.0
https://www.miaphotobooth.net/post/360-photo-booth-rental-miami,2026-03-09,0,5,67.83,0.0
https://www.miaphotobooth.net/post/360-photo-booth-rental-miami,2026-03-16,0,3,77.25,0.0
https://www.miaphotobooth.net/post/audio-guestbook-experience-miami,2026-02-09,0,17,12.78,0.0
https://www.miaphotobooth.net/post/audio-guestbook-experience-miami,2026-02-16,1,50,19.32,2.0
https://www.miaphotobooth.net/post/audio-guestbook-experience-miami,2026-02-23,1,22,21.36,4.545
https://www.miaphotobooth.net/post/audio-guestbook-experience-miami,2026-03-02,0,8,12.5,0.0
https://www.miaphotobooth.net/post/audio-guestbook-experience-miami,2026-03-09,2,17,8.62,11.765
https://www.miaphotobooth.net/post/audio-guestbook-experience-miami,2026-03-16,0,9,15.33,0.0
https://www.miaphotobooth.net/post/audio-guestbook-experience-miami,2026-03-23,0,17,14.63,0.0
https://www.miaphotobooth.net/post/audio-guestbook-experience-miami,2026-03-30,1,8,5.7,12.5
https://www.miaphotobooth.net/post/audio-guestbook-experience-miami,2026-04-06,1,14,9.29,7.143
https://www.miaphotobooth.net/post/audio-guestbook-experience-miami,2026-04-13,0,24,7.18,0.0
https://www.miaphotobooth.net/post/audio-guestbook-experience-miami,2026-04-20,3,24,12.53,12.5
https://www.miaphotobooth.net/post/audio-guestbook-experience-miami,2026-04-27,0,15,8.9,0.0
https://www.miaphotobooth.net/post/audio-guestbook-experience-miami,2026-05-04,2,21,7.13,9.524
https://www.miaphotobooth.net/post/audio-guestbook-experience-miami,2026-05-11,0,10,15.0,0.0
https://www.miaphotobooth.net/post/audio-guestbook-experience-miami,2026-05-18,2,19,10.13,10.526
https://www.miaphotobooth.net/post/audio-guestbook-experience-miami,2026-05-25,1,18,8.94,5.556
https://www.miaphotobooth.net/post/best-photo-booth-rental-packages-for-corporate-events-in-miami,2026-03-02,0,6,19.5,0.0
https://www.miaphotobooth.net/post/best-photo-booth-rental-packages-for-corporate-events-in-miami,2026-03-09,0,12,5.85,0.0
https://www.miaphotobooth.net/post/best-photo-booth-rental-packages-for-corporate-events-in-miami,2026-03-16,0,7,11.54,0.0
https://www.miaphotobooth.net/post/best-photo-booth-rental-packages-for-corporate-events-in-miami,2026-03-23,0,4,27.0,0.0
https://www.miaphotobooth.net/post/best-photo-booth-rental-packages-for-corporate-events-in-miami,2026-03-30,0,6,9.83,0.0
https://www.miaphotobooth.net/post/best-photo-booth-rental-packages-for-corporate-events-in-miami,2026-04-06,0,12,7.38,0.0
https://www.miaphotobooth.net/post/best-photo-booth-rental-packages-for-corporate-events-in-miami,2026-04-13,0,10,19.54,0.0
https://www.miaphotobooth.net/post/best-photo-booth-rental-packages-for-corporate-events-in-miami,2026-04-20,0,7,6.27,0.0
https://www.miaphotobooth.net/post/best-photo-booth-rental-packages-for-corporate-events-in-miami,2026-04-27,0,272,9.88,0.0
https://www.miaphotobooth.net/post/best-photo-booth-rental-packages-for-corporate-events-in-miami,2026-05-04,0,119,10.08,0.0
https://www.miaphotobooth.net/post/best-photo-booth-rental-packages-for-corporate-events-in-miami,2026-05-11,0,86,16.52,0.0
https://www.miaphotobooth.net/post/best-photo-booth-rental-packages-for-corporate-events-in-miami,2026-05-18,0,10,10.33,0.0
https://www.miaphotobooth.net/post/best-photo-booth-rental-packages-for-corporate-events-in-miami,2026-05-25,0,8,14.2,0.0
https://www.miaphotobooth.net/post/bridal-shower-photo-booth-companies,2026-05-04,0,15,23.47,0.0
https://www.miaphotobooth.net/post/bridal-shower-photo-booth-companies,2026-05-11,0,21,14.29,0.0
https://www.miaphotobooth.net/post/bridal-shower-photo-booth-companies,2026-05-18,0,11,24.09,0.0
https://www.miaphotobooth.net/post/custom-instagram-photo-booth-frame,2026-03-09,0,2,6.5,0.0
https://www.miaphotobooth.net/post/custom-instagram-photo-booth-frame,2026-03-16,0,1,12.0,0.0
https://www.miaphotobooth.net/post/diy-photo-booth-setup-for-home-parties,2026-03-30,0,1,5.0,0.0
https://www.miaphotobooth.net/post/diy-photo-booth-setup-for-home-parties,2026-04-06,0,2,4.0,0.0
https://www.miaphotobooth.net/post/diy-photo-booth-setup-for-home-parties,2026-04-20,0,1,6.0,0.0
https://www.miaphotobooth.net/post/diy-photo-booth-setup-for-home-parties,2026-04-27,0,2,5.0,0.0
https://www.miaphotobooth.net/post/diy-photo-booth-setup-for-home-parties,2026-05-04,0,1,10.0,0.0
https://www.miaphotobooth.net/post/diy-photo-booth-setup-for-home-parties,2026-05-11,0,3,8.0,0.0
https://www.miaphotobooth.net/post/diy-photo-booth-setup-for-home-parties,2026-05-18,0,1,11.0,0.0
https://www.miaphotobooth.net/post/diy-photo-booth-setup-for-home-parties,2026-05-25,0,1,6.0,0.0
https://www.miaphotobooth.net/post/fun-kissing-booth-photo-prop,2026-02-09,0,3,6.0,0.0
https://www.miaphotobooth.net/post/fun-kissing-booth-photo-prop,2026-02-23,0,1,6.0,0.0
https://www.miaphotobooth.net/post/glam-photo-booths-for-brides,2026-05-04,0,2610,5.45,0.0
https://www.miaphotobooth.net/post/glam-photo-booths-for-brides,2026-05-11,0,2097,7.47,0.0
https://www.miaphotobooth.net/post/glam-photo-booths-for-brides,2026-05-18,0,113,9.59,0.0
https://www.miaphotobooth.net/post/glam-photo-booths-for-brides,2026-05-25,0,100,11.75,0.0
https://www.miaphotobooth.net/post/how-a-360-photo-booth-can-take-your-miami-event-to-the-next-level,2026-03-02,1,21,14.45,4.762
https://www.miaphotobooth.net/post/how-a-360-photo-booth-can-take-your-miami-event-to-the-next-level,2026-03-09,0,25,32.08,0.0
https://www.miaphotobooth.net/post/how-a-360-photo-booth-can-take-your-miami-event-to-the-next-level,2026-03-16,0,11,17.12,0.0
https://www.miaphotobooth.net/post/how-a-360-photo-booth-can-take-your-miami-event-to-the-next-level,2026-04-06,0,1,6.0,0.0
https://www.miaphotobooth.net/post/how-a-360-photo-booth-can-take-your-miami-event-to-the-next-level,2026-04-20,0,2,6.5,0.0
https://www.miaphotobooth.net/post/how-a-360-photo-booth-can-take-your-miami-event-to-the-next-level,2026-04-27,0,4,7.83,0.0
https://www.miaphotobooth.net/post/how-a-360-photo-booth-can-take-your-miami-event-to-the-next-level,2026-05-04,0,1,6.0,0.0
https://www.miaphotobooth.net/post/how-a-360-photo-booth-can-take-your-miami-event-to-the-next-level,2026-05-11,0,5,9.17,0.0
https://www.miaphotobooth.net/post/how-a-360-photo-booth-can-take-your-miami-event-to-the-next-level,2026-05-25,0,2,13.0,0.0
https://www.miaphotobooth.net/post/how-can-i-create-a-polaroid-frame-for-my-photo-booth,2026-02-09,0,8,4.0,0.0
https://www.miaphotobooth.net/post/how-can-i-create-a-polaroid-frame-for-my-photo-booth,2026-02-16,0,2,3.0,0.0
https://www.miaphotobooth.net/post/how-can-i-create-a-polaroid-frame-for-my-photo-booth,2026-03-23,2,27,5.5,7.407
https://www.miaphotobooth.net/post/how-can-i-create-a-polaroid-frame-for-my-photo-booth,2026-03-30,4,66,6.39,6.061
https://www.miaphotobooth.net/post/how-can-i-create-a-polaroid-frame-for-my-photo-booth,2026-04-06,2,74,8.95,2.703
https://www.miaphotobooth.net/post/how-can-i-create-a-polaroid-frame-for-my-photo-booth,2026-04-13,2,123,9.79,1.626
https://www.miaphotobooth.net/post/how-can-i-create-a-polaroid-frame-for-my-photo-booth,2026-04-20,2,142,11.06,1.408
https://www.miaphotobooth.net/post/how-can-i-create-a-polaroid-frame-for-my-photo-booth,2026-04-27,2,184,11.71,1.087
https://www.miaphotobooth.net/post/how-can-i-create-a-polaroid-frame-for-my-photo-booth,2026-05-04,1,190,11.2,0.526
https://www.miaphotobooth.net/post/how-can-i-create-a-polaroid-frame-for-my-photo-booth,2026-05-11,6,252,10.45,2.381
https://www.miaphotobooth.net/post/how-can-i-create-a-polaroid-frame-for-my-photo-booth,2026-05-18,1,232,9.31,0.431
https://www.miaphotobooth.net/post/how-can-i-create-a-polaroid-frame-for-my-photo-booth,2026-05-25,2,153,10.43,1.307
https://www.miaphotobooth.net/post/how-do-you-make-a-photo-booth-for-a-wedding-a-complete-diy-guide,2026-02-09,0,1,16.0,0.0
https://www.miaphotobooth.net/post/how-do-you-make-a-photo-booth-for-a-wedding-a-complete-diy-guide,2026-02-16,0,1,24.0,0.0
https://www.miaphotobooth.net/post/how-do-you-make-a-photo-booth-for-a-wedding-a-complete-diy-guide,2026-03-02,0,4,12.25,0.0
https://www.miaphotobooth.net/post/how-do-you-make-a-photo-booth-for-a-wedding-a-complete-diy-guide,2026-03-16,0,3,18.0,0.0
https://www.miaphotobooth.net/post/how-do-you-make-a-photo-booth-for-a-wedding-a-complete-diy-guide,2026-03-23,0,5,19.56,0.0
https://www.miaphotobooth.net/post/how-do-you-make-a-photo-booth-for-a-wedding-a-complete-diy-guide,2026-03-30,0,2,12.5,0.0
https://www.miaphotobooth.net/post/how-do-you-make-a-photo-booth-for-a-wedding-a-complete-diy-guide,2026-04-06,0,2,15.5,0.0
https://www.miaphotobooth.net/post/how-do-you-make-a-photo-booth-for-a-wedding-a-complete-diy-guide,2026-04-13,0,6,14.5,0.0
https://www.miaphotobooth.net/post/how-do-you-make-a-photo-booth-for-a-wedding-a-complete-diy-guide,2026-04-27,0,2,8.5,0.0
https://www.miaphotobooth.net/post/how-do-you-make-a-photo-booth-for-a-wedding-a-complete-diy-guide,2026-05-04,0,1,17.0,0.0
https://www.miaphotobooth.net/post/how-do-you-make-a-photo-booth-frame-a-step-by-step-guide,2026-02-09,0,4,9.0,0.0
https://www.miaphotobooth.net/post/how-do-you-make-a-photo-booth-frame-a-step-by-step-guide,2026-02-16,0,13,5.03,0.0
https://www.miaphotobooth.net/post/how-do-you-make-a-photo-booth-frame-a-step-by-step-guide,2026-02-23,0,21,4.96,0.0
https://www.miaphotobooth.net/post/how-do-you-make-a-photo-booth-frame-a-step-by-step-guide,2026-03-02,0,18,6.0,0.0
https://www.miaphotobooth.net/post/how-do-you-make-a-photo-booth-frame-a-step-by-step-guide,2026-03-09,0,25,6.07,0.0
https://www.miaphotobooth.net/post/how-do-you-make-a-photo-booth-frame-a-step-by-step-guide,2026-03-16,0,13,7.49,0.0
https://www.miaphotobooth.net/post/how-do-you-make-a-photo-booth-frame-a-step-by-step-guide,2026-05-11,0,2,8.5,0.0
https://www.miaphotobooth.net/post/how-do-you-make-a-photo-booth-frame-a-step-by-step-guide,2026-05-18,0,7,8.27,0.0
https://www.miaphotobooth.net/post/how-do-you-make-a-photo-booth-frame-a-step-by-step-guide,2026-05-25,0,5,9.2,0.0
https://www.miaphotobooth.net/post/how-to-choose-the-best-photo-booth-for-your-event,2026-02-09,0,5,10.0,0.0
https://www.miaphotobooth.net/post/how-to-display-photo-booth-strips-tips-and-ideas,2026-02-09,0,187,5.25,0.0
https://www.miaphotobooth.net/post/how-to-display-photo-booth-strips-tips-and-ideas,2026-02-16,1,211,7.4,0.474
https://www.miaphotobooth.net/post/how-to-display-photo-booth-strips-tips-and-ideas,2026-02-23,0,177,5.37,0.0
https://www.miaphotobooth.net/post/how-to-display-photo-booth-strips-tips-and-ideas,2026-03-02,0,160,4.77,0.0
https://www.miaphotobooth.net/post/how-to-display-photo-booth-strips-tips-and-ideas,2026-03-09,1,163,4.94,0.613
https://www.miaphotobooth.net/post/how-to-display-photo-booth-strips-tips-and-ideas,2026-03-16,1,100,4.37,1.0
https://www.miaphotobooth.net/post/how-to-display-photo-booth-strips-tips-and-ideas,2026-03-23,0,74,4.32,0.0
https://www.miaphotobooth.net/post/how-to-display-photo-booth-strips-tips-and-ideas,2026-03-30,1,74,6.48,1.351
https://www.miaphotobooth.net/post/how-to-display-photo-booth-strips-tips-and-ideas,2026-04-06,0,91,8.71,0.0
https://www.miaphotobooth.net/post/how-to-display-photo-booth-strips-tips-and-ideas,2026-04-13,0,80,6.2,0.0
https://www.miaphotobooth.net/post/how-to-display-photo-booth-strips-tips-and-ideas,2026-04-20,1,35,10.97,2.857
https://www.miaphotobooth.net/post/how-to-display-photo-booth-strips-tips-and-ideas,2026-04-27,0,45,9.32,0.0
https://www.miaphotobooth.net/post/how-to-display-photo-booth-strips-tips-and-ideas,2026-05-04,0,11,19.06,0.0
https://www.miaphotobooth.net/post/how-to-display-photo-booth-strips-tips-and-ideas,2026-05-11,0,18,12.56,0.0
https://www.miaphotobooth.net/post/how-to-display-photo-booth-strips-tips-and-ideas,2026-05-18,0,8,27.5,0.0
https://www.miaphotobooth.net/post/how-to-display-photo-booth-strips-tips-and-ideas,2026-05-25,0,20,10.62,0.0
https://www.miaphotobooth.net/post/how-to-effectively-display-photo-booth-props,2026-02-09,0,15,4.63,0.0
https://www.miaphotobooth.net/post/how-to-effectively-display-photo-booth-props,2026-02-16,1,13,5.39,7.692
https://www.miaphotobooth.net/post/how-to-effectively-display-photo-booth-props,2026-02-23,0,2,2.0,0.0
https://www.miaphotobooth.net/post/how-to-effectively-display-photo-booth-props,2026-03-02,0,1,4.0,0.0
https://www.miaphotobooth.net/post/how-to-effectively-display-photo-booth-props,2026-03-16,3,57,6.18,5.263
https://www.miaphotobooth.net/post/how-to-effectively-display-photo-booth-props,2026-03-23,0,55,4.71,0.0
https://www.miaphotobooth.net/post/how-to-effectively-display-photo-booth-props,2026-03-30,2,49,6.7,4.082
https://www.miaphotobooth.net/post/how-to-effectively-display-photo-booth-props,2026-04-06,0,8,3.93,0.0
https://www.miaphotobooth.net/post/how-to-effectively-display-photo-booth-props,2026-04-20,0,2,8.0,0.0
https://www.miaphotobooth.net/post/how-to-effectively-display-photo-booth-props,2026-04-27,0,14,6.97,0.0
https://www.miaphotobooth.net/post/how-to-effectively-display-photo-booth-props,2026-05-04,0,4,8.33,0.0
https://www.miaphotobooth.net/post/how-to-effectively-display-photo-booth-props,2026-05-11,3,63,6.69,4.762
https://www.miaphotobooth.net/post/how-to-effectively-display-photo-booth-props,2026-05-18,1,61,7.7,1.639
https://www.miaphotobooth.net/post/how-to-effectively-display-photo-booth-props,2026-05-25,0,39,11.82,0.0
https://www.miaphotobooth.net/post/how-to-make-photo-booth-props-fun-and-easy-diy-ideas,2026-02-09,0,119,9.15,0.0
https://www.miaphotobooth.net/post/how-to-make-photo-booth-props-fun-and-easy-diy-ideas,2026-02-16,2,120,13.24,1.667
https://www.miaphotobooth.net/post/how-to-make-photo-booth-props-fun-and-easy-diy-ideas,2026-02-23,0,195,12.47,0.0
https://www.miaphotobooth.net/post/how-to-make-photo-booth-props-fun-and-easy-diy-ideas,2026-03-02,2,257,9.19,0.778
https://www.miaphotobooth.net/post/how-to-make-photo-booth-props-fun-and-easy-diy-ideas,2026-03-09,1,252,9.22,0.397
https://www.miaphotobooth.net/post/how-to-make-photo-booth-props-fun-and-easy-diy-ideas,2026-03-16,3,279,8.55,1.075
https://www.miaphotobooth.net/post/how-to-make-photo-booth-props-fun-and-easy-diy-ideas,2026-03-23,1,321,5.94,0.312
https://www.miaphotobooth.net/post/how-to-make-photo-booth-props-fun-and-easy-diy-ideas,2026-03-30,1,409,5.19,0.244
https://www.miaphotobooth.net/post/how-to-make-photo-booth-props-fun-and-easy-diy-ideas,2026-04-06,1,535,6.62,0.187
https://www.miaphotobooth.net/post/how-to-make-photo-booth-props-fun-and-easy-diy-ideas,2026-04-13,1,506,7.01,0.198
https://www.miaphotobooth.net/post/how-to-make-photo-booth-props-fun-and-easy-diy-ideas,2026-04-20,2,454,7.34,0.441
https://www.miaphotobooth.net/post/how-to-make-photo-booth-props-fun-and-easy-diy-ideas,2026-04-27,7,322,9.27,2.174
https://www.miaphotobooth.net/post/how-to-make-photo-booth-props-fun-and-easy-diy-ideas,2026-05-04,6,579,8.04,1.036
https://www.miaphotobooth.net/post/how-to-make-photo-booth-props-fun-and-easy-diy-ideas,2026-05-11,0,364,10.93,0.0
https://www.miaphotobooth.net/post/how-to-make-photo-booth-props-fun-and-easy-diy-ideas,2026-05-18,2,229,12.54,0.873
https://www.miaphotobooth.net/post/how-to-make-photo-booth-props-fun-and-easy-diy-ideas,2026-05-25,2,192,11.12,1.042
https://www.miaphotobooth.net/post/how-to-set-up-a-360-photo-booth,2026-02-09,0,32,10.32,0.0
https://www.miaphotobooth.net/post/how-to-set-up-a-360-photo-booth,2026-02-16,0,2,12.0,0.0
https://www.miaphotobooth.net/post/how-to-set-up-proper-lighting,2026-02-09,1,17,8.38,5.882
https://www.miaphotobooth.net/post/how-to-set-up-proper-lighting,2026-02-16,0,29,8.99,0.0
https://www.miaphotobooth.net/post/how-to-set-up-proper-lighting,2026-02-23,0,25,9.17,0.0
https://www.miaphotobooth.net/post/how-to-set-up-proper-lighting,2026-03-02,0,21,8.64,0.0
https://www.miaphotobooth.net/post/how-to-set-up-proper-lighting,2026-03-09,0,11,7.83,0.0
https://www.miaphotobooth.net/post/how-to-set-up-proper-lighting,2026-03-30,0,1,10.0,0.0
https://www.miaphotobooth.net/post/how-to-set-up-proper-lighting,2026-04-06,0,5,7.0,0.0
https://www.miaphotobooth.net/post/how-to-set-up-proper-lighting,2026-04-13,0,3,5.25,0.0
https://www.miaphotobooth.net/post/how-to-set-up-proper-lighting,2026-04-20,0,7,7.83,0.0
https://www.miaphotobooth.net/post/how-to-set-up-proper-lighting,2026-04-27,0,14,8.43,0.0
https://www.miaphotobooth.net/post/how-to-set-up-proper-lighting,2026-05-04,0,7,6.25,0.0
https://www.miaphotobooth.net/post/how-to-take-a-boomerang-photo,2026-02-09,0,1,5.0,0.0
https://www.miaphotobooth.net/post/how-to-take-a-boomerang-photo,2026-03-30,1,42,2.85,2.381
https://www.miaphotobooth.net/post/how-to-take-a-boomerang-photo,2026-04-06,0,26,1.55,0.0
https://www.miaphotobooth.net/post/how-to-take-a-boomerang-photo,2026-04-20,0,1,7.0,0.0
https://www.miaphotobooth.net/post/make-a-social-media-frame-for-photo-booth,2026-02-16,0,1,2.0,0.0
https://www.miaphotobooth.net/post/make-a-social-media-frame-for-photo-booth,2026-02-23,0,2,6.5,0.0
https://www.miaphotobooth.net/post/make-a-social-media-frame-for-photo-booth,2026-03-02,0,2,5.5,0.0
https://www.miaphotobooth.net/post/make-a-social-media-frame-for-photo-booth,2026-03-16,0,1,5.0,0.0
https://www.miaphotobooth.net/post/make-a-social-media-frame-for-photo-booth,2026-03-30,0,2,4.0,0.0
https://www.miaphotobooth.net/post/make-a-social-media-frame-for-photo-booth,2026-04-06,0,1,7.0,0.0
https://www.miaphotobooth.net/post/master-the-art-of-how-to-pose-for-360-photo-booth-photos,2026-02-09,0,8,10.2,0.0
https://www.miaphotobooth.net/post/master-the-art-of-how-to-pose-for-360-photo-booth-photos,2026-02-16,0,6,6.7,0.0
https://www.miaphotobooth.net/post/master-the-art-of-how-to-pose-for-360-photo-booth-photos,2026-02-23,0,11,6.5,0.0
https://www.miaphotobooth.net/post/master-the-art-of-how-to-pose-for-360-photo-booth-photos,2026-03-02,0,6,9.58,0.0
https://www.miaphotobooth.net/post/master-the-art-of-how-to-pose-for-360-photo-booth-photos,2026-03-16,0,10,7.61,0.0
https://www.miaphotobooth.net/post/master-the-art-of-how-to-pose-for-360-photo-booth-photos,2026-03-23,0,6,7.12,0.0
https://www.miaphotobooth.net/post/master-the-art-of-how-to-pose-for-360-photo-booth-photos,2026-03-30,0,6,6.11,0.0
https://www.miaphotobooth.net/post/master-the-art-of-how-to-pose-for-360-photo-booth-photos,2026-04-06,0,7,7.4,0.0
https://www.miaphotobooth.net/post/master-the-art-of-how-to-pose-for-360-photo-booth-photos,2026-04-13,0,9,5.83,0.0
https://www.miaphotobooth.net/post/master-the-art-of-how-to-pose-for-360-photo-booth-photos,2026-04-20,0,8,8.27,0.0
https://www.miaphotobooth.net/post/miamis-best-photo-booth-rentals,2026-03-02,0,45,51.63,0.0
https://www.miaphotobooth.net/post/miamis-best-photo-booth-rentals,2026-03-09,0,75,53.51,0.0
https://www.miaphotobooth.net/post/miamis-best-photo-booth-rentals,2026-03-16,1,62,50.03,1.613
https://www.miaphotobooth.net/post/miamis-best-photo-booth-rentals,2026-03-23,0,47,63.51,0.0
https://www.miaphotobooth.net/post/miamis-best-photo-booth-rentals,2026-03-30,0,33,38.79,0.0
https://www.miaphotobooth.net/post/miamis-best-photo-booth-rentals,2026-04-06,0,39,37.51,0.0
https://www.miaphotobooth.net/post/miamis-best-photo-booth-rentals,2026-04-13,0,43,43.19,0.0
https://www.miaphotobooth.net/post/miamis-best-photo-booth-rentals,2026-04-20,0,33,40.17,0.0
https://www.miaphotobooth.net/post/miamis-best-photo-booth-rentals,2026-04-27,0,151,23.53,0.0
https://www.miaphotobooth.net/post/miamis-best-photo-booth-rentals,2026-05-04,0,291,15.68,0.0
https://www.miaphotobooth.net/post/miamis-best-photo-booth-rentals,2026-05-11,0,147,33.23,0.0
https://www.miaphotobooth.net/post/miamis-best-photo-booth-rentals,2026-05-18,0,94,50.15,0.0
https://www.miaphotobooth.net/post/miamis-best-photo-booth-rentals,2026-05-25,0,53,42.71,0.0
https://www.miaphotobooth.net/post/photo-booth-backdrop-ideas-for-any-event,2026-03-02,0,2,8.5,0.0
https://www.miaphotobooth.net/post/photo-booth-backdrop-ideas-for-any-event,2026-03-09,0,1,10.0,0.0
https://www.miaphotobooth.net/post/photo-booth-backdrop-ideas-for-any-event,2026-04-06,0,2,8.5,0.0
https://www.miaphotobooth.net/post/photo-booth-backdrop-ideas-for-any-event,2026-04-20,0,1,8.0,0.0
https://www.miaphotobooth.net/post/photo-booth-backdrop-ideas-for-any-event,2026-04-27,0,1,7.0,0.0
https://www.miaphotobooth.net/post/photo-booth-backdrop-ideas-for-any-event,2026-05-18,0,2,34.0,0.0
https://www.miaphotobooth.net/post/photo-booth-backdrop-ideas-for-any-event,2026-05-25,0,4,18.83,0.0
https://www.miaphotobooth.net/post/photo-booths-for-corporate-galas,2026-05-04,0,5,11.83,0.0
https://www.miaphotobooth.net/post/photo-booths-for-corporate-galas,2026-05-11,0,11,12.7,0.0
https://www.miaphotobooth.net/post/photo-booths-for-corporate-galas,2026-05-18,0,3,7.33,0.0
https://www.miaphotobooth.net/post/photo-booths-for-wedding-memories,2026-05-04,0,10,26.52,0.0
https://www.miaphotobooth.net/post/photo-booths-for-wedding-memories,2026-05-11,0,24,8.67,0.0
https://www.miaphotobooth.net/post/photo-booths-for-wedding-memories,2026-05-18,0,16,9.85,0.0
https://www.miaphotobooth.net/post/photo-booths-for-wedding-memories,2026-05-25,0,3,23.5,0.0
https://www.miaphotobooth.net/post/roamer-booth-benefits-to-events,2026-05-04,0,12,7.75,0.0
https://www.miaphotobooth.net/post/roamer-booth-benefits-to-events,2026-05-11,0,32,12.46,0.0
https://www.miaphotobooth.net/post/roamer-booth-benefits-to-events,2026-05-18,0,24,9.99,0.0
https://www.miaphotobooth.net/post/roamer-booth-benefits-to-events,2026-05-25,0,8,7.33,0.0
https://www.miaphotobooth.net/post/roamer-photo-booth-rental-miami,2026-02-09,0,8,18.75,0.0
https://www.miaphotobooth.net/post/roamer-photo-booth-rental-miami,2026-02-16,0,23,13.5,0.0
https://www.miaphotobooth.net/post/roamer-photo-booth-rental-miami,2026-02-23,0,18,16.49,0.0
https://www.miaphotobooth.net/post/roamer-photo-booth-rental-miami,2026-03-02,0,26,23.93,0.0
https://www.miaphotobooth.net/post/roamer-photo-booth-rental-miami,2026-03-09,0,28,21.76,0.0
https://www.miaphotobooth.net/post/roamer-photo-booth-rental-miami,2026-03-16,0,23,25.19,0.0
https://www.miaphotobooth.net/post/roamer-photo-booth-rental-miami,2026-03-23,0,26,27.55,0.0
https://www.miaphotobooth.net/post/roamer-photo-booth-rental-miami,2026-03-30,1,38,28.86,2.632
https://www.miaphotobooth.net/post/roamer-photo-booth-rental-miami,2026-04-06,0,43,12.4,0.0
https://www.miaphotobooth.net/post/roamer-photo-booth-rental-miami,2026-04-13,0,37,10.72,0.0
https://www.miaphotobooth.net/post/roamer-photo-booth-rental-miami,2026-04-20,0,60,14.0,0.0
https://www.miaphotobooth.net/post/roamer-photo-booth-rental-miami,2026-04-27,0,70,10.23,0.0
https://www.miaphotobooth.net/post/roamer-photo-booth-rental-miami,2026-05-04,0,49,11.35,0.0
https://www.miaphotobooth.net/post/roamer-photo-booth-rental-miami,2026-05-11,0,54,28.68,0.0
https://www.miaphotobooth.net/post/roamer-photo-booth-rental-miami,2026-05-18,0,37,13.25,0.0
https://www.miaphotobooth.net/post/roamer-photo-booth-rental-miami,2026-05-25,1,41,13.03,2.439
https://www.miaphotobooth.net/post/social-photo-booth-rental-miami,2026-02-09,0,2,42.5,0.0
https://www.miaphotobooth.net/post/social-photo-booth-rental-miami,2026-02-16,0,2,35.5,0.0
https://www.miaphotobooth.net/post/social-photo-booth-rental-miami,2026-02-23,0,2,26.0,0.0
https://www.miaphotobooth.net/post/social-photo-booth-rental-miami,2026-03-02,0,35,22.49,0.0
https://www.miaphotobooth.net/post/social-photo-booth-rental-miami,2026-03-16,0,7,21.33,0.0
https://www.miaphotobooth.net/post/social-photo-booth-rental-miami,2026-03-30,0,15,44.0,0.0
https://www.miaphotobooth.net/post/social-photo-booth-rental-miami,2026-04-06,0,22,35.32,0.0
https://www.miaphotobooth.net/post/social-photo-booth-rental-miami,2026-04-13,0,25,21.55,0.0
https://www.miaphotobooth.net/post/social-photo-booth-rental-miami,2026-04-20,0,32,10.49,0.0
https://www.miaphotobooth.net/post/social-photo-booth-rental-miami,2026-04-27,0,40,10.5,0.0
https://www.miaphotobooth.net/post/social-photo-booth-rental-miami,2026-05-04,0,51,9.57,0.0
https://www.miaphotobooth.net/post/social-photo-booth-rental-miami,2026-05-11,0,95,24.42,0.0
https://www.miaphotobooth.net/post/social-photo-booth-rental-miami,2026-05-18,0,29,21.7,0.0
https://www.miaphotobooth.net/post/social-photo-booth-rental-miami,2026-05-25,0,41,37.9,0.0
https://www.miaphotobooth.net/post/top-5-photo-booth-trends-in-miami-for-2026,2026-03-02,0,31,6.56,0.0
https://www.miaphotobooth.net/post/top-5-photo-booth-trends-in-miami-for-2026,2026-03-09,0,78,7.06,0.0
https://www.miaphotobooth.net/post/top-5-photo-booth-trends-in-miami-for-2026,2026-03-16,0,63,8.74,0.0
https://www.miaphotobooth.net/post/top-5-photo-booth-trends-in-miami-for-2026,2026-03-23,0,30,12.67,0.0
https://www.miaphotobooth.net/post/top-5-photo-booth-trends-in-miami-for-2026,2026-03-30,0,19,11.67,0.0
https://www.miaphotobooth.net/post/top-5-photo-booth-trends-in-miami-for-2026,2026-04-06,0,12,10.38,0.0
https://www.miaphotobooth.net/post/top-5-photo-booth-trends-in-miami-for-2026,2026-04-13,0,14,16.31,0.0
https://www.miaphotobooth.net/post/top-5-photo-booth-trends-in-miami-for-2026,2026-04-20,0,32,8.74,0.0
https://www.miaphotobooth.net/post/top-5-photo-booth-trends-in-miami-for-2026,2026-04-27,0,12,8.83,0.0
https://www.miaphotobooth.net/post/top-5-photo-booth-trends-in-miami-for-2026,2026-05-04,0,21,5.95,0.0
https://www.miaphotobooth.net/post/top-5-photo-booth-trends-in-miami-for-2026,2026-05-11,0,18,5.05,0.0
https://www.miaphotobooth.net/post/top-5-photo-booth-trends-in-miami-for-2026,2026-05-18,0,4,4.75,0.0
https://www.miaphotobooth.net/post/top-5-photo-booth-trends-in-miami-for-2026,2026-05-25,0,2,9.0,0.0
https://www.miaphotobooth.net/post/top-christmas-photo-booth-prop-ideas-for-festive-fun,2026-02-23,0,1,3.0,0.0
https://www.miaphotobooth.net/post/top-christmas-photo-booth-prop-ideas-for-festive-fun,2026-03-23,0,4,6.0,0.0
https://www.miaphotobooth.net/post/top-christmas-photo-booth-prop-ideas-for-festive-fun,2026-03-30,0,1,4.0,0.0
https://www.miaphotobooth.net/post/top-christmas-photo-booth-prop-ideas-for-festive-fun,2026-04-06,0,2,6.5,0.0
https://www.miaphotobooth.net/post/top-christmas-photo-booth-prop-ideas-for-festive-fun,2026-04-13,0,1,8.0,0.0
https://www.miaphotobooth.net/post/what-are-photo-booth-pictures-a-complete-breakdown,2026-02-09,0,53,1.06,0.0
https://www.miaphotobooth.net/post/what-are-the-photo-booth-pictures-called-understanding-photo-booth-photos,2026-02-09,9,5019,3.16,0.179
https://www.miaphotobooth.net/post/what-are-the-photo-booth-pictures-called-understanding-photo-booth-photos,2026-02-16,5,3439,3.56,0.145
https://www.miaphotobooth.net/post/what-are-the-photo-booth-pictures-called-understanding-photo-booth-photos,2026-02-23,9,3482,3.84,0.258
https://www.miaphotobooth.net/post/what-are-the-photo-booth-pictures-called-understanding-photo-booth-photos,2026-03-02,6,2660,3.43,0.226
https://www.miaphotobooth.net/post/what-are-the-photo-booth-pictures-called-understanding-photo-booth-photos,2026-03-09,13,2743,3.43,0.474
https://www.miaphotobooth.net/post/what-are-the-photo-booth-pictures-called-understanding-photo-booth-photos,2026-03-16,11,2871,3.45,0.383
https://www.miaphotobooth.net/post/what-are-the-photo-booth-pictures-called-understanding-photo-booth-photos,2026-03-23,6,3186,3.18,0.188
https://www.miaphotobooth.net/post/what-are-the-photo-booth-pictures-called-understanding-photo-booth-photos,2026-03-30,7,3321,3.14,0.211
https://www.miaphotobooth.net/post/what-are-the-photo-booth-pictures-called-understanding-photo-booth-photos,2026-04-06,5,3083,3.23,0.162
https://www.miaphotobooth.net/post/what-are-the-photo-booth-pictures-called-understanding-photo-booth-photos,2026-04-13,8,3229,3.24,0.248
https://www.miaphotobooth.net/post/what-are-the-photo-booth-pictures-called-understanding-photo-booth-photos,2026-04-20,5,2567,3.66,0.195
https://www.miaphotobooth.net/post/what-are-the-photo-booth-pictures-called-understanding-photo-booth-photos,2026-04-27,11,2564,3.45,0.429
https://www.miaphotobooth.net/post/what-are-the-photo-booth-pictures-called-understanding-photo-booth-photos,2026-05-04,7,2995,3.27,0.234
https://www.miaphotobooth.net/post/what-are-the-photo-booth-pictures-called-understanding-photo-booth-photos,2026-05-11,10,2624,3.94,0.381
https://www.miaphotobooth.net/post/what-are-the-photo-booth-pictures-called-understanding-photo-booth-photos,2026-05-18,11,2648,3.69,0.415
https://www.miaphotobooth.net/post/what-are-the-photo-booth-pictures-called-understanding-photo-booth-photos,2026-05-25,7,1753,3.69,0.399
https://www.miaphotobooth.net/post/what-do-360-photo-booth-pictures-look-like,2026-02-09,0,18,8.04,0.0
https://www.miaphotobooth.net/post/what-do-360-photo-booth-pictures-look-like,2026-02-16,0,11,8.39,0.0
https://www.miaphotobooth.net/post/what-do-360-photo-booth-pictures-look-like,2026-02-23,0,14,10.68,0.0
https://www.miaphotobooth.net/post/what-do-360-photo-booth-pictures-look-like,2026-03-02,0,11,7.95,0.0
https://www.miaphotobooth.net/post/what-do-360-photo-booth-pictures-look-like,2026-03-09,3,54,7.26,5.556
https://www.miaphotobooth.net/post/what-do-360-photo-booth-pictures-look-like,2026-03-16,0,10,7.63,0.0
https://www.miaphotobooth.net/post/what-do-360-photo-booth-pictures-look-like,2026-03-23,0,2,6.0,0.0
https://www.miaphotobooth.net/post/what-do-360-photo-booth-pictures-look-like,2026-04-06,0,2,7.0,0.0
https://www.miaphotobooth.net/post/what-do-360-photo-booth-pictures-look-like,2026-04-13,0,2,3.0,0.0
https://www.miaphotobooth.net/post/what-do-360-photo-booth-pictures-look-like,2026-05-04,0,27,18.33,0.0
https://www.miaphotobooth.net/post/what-do-360-photo-booth-pictures-look-like,2026-05-11,0,182,12.71,0.0
https://www.miaphotobooth.net/post/what-do-360-photo-booth-pictures-look-like,2026-05-18,1,178,12.38,0.562
https://www.miaphotobooth.net/post/what-do-360-photo-booth-pictures-look-like,2026-05-25,1,92,30.23,1.087
https://www.miaphotobooth.net/post/what-is-a-360-photo-booth-a-complete-guide-for-event-planners,2026-03-23,0,12,25.54,0.0
https://www.miaphotobooth.net/post/what-is-a-360-photo-booth-a-complete-guide-for-event-planners,2026-03-30,0,25,22.36,0.0
https://www.miaphotobooth.net/post/what-is-a-360-photo-booth-a-complete-guide-for-event-planners,2026-04-06,0,51,34.17,0.0
https://www.miaphotobooth.net/post/what-is-a-360-photo-booth-a-complete-guide-for-event-planners,2026-04-13,0,54,25.05,0.0
https://www.miaphotobooth.net/post/what-is-a-360-photo-booth-a-complete-guide-for-event-planners,2026-04-20,0,38,27.41,0.0
https://www.miaphotobooth.net/post/what-is-a-360-photo-booth-a-complete-guide-for-event-planners,2026-04-27,0,18,29.53,0.0
https://www.miaphotobooth.net/post/what-is-a-360-photo-booth-a-complete-guide-for-event-planners,2026-05-04,0,1,10.0,0.0
https://www.miaphotobooth.net/post/what-is-a-360-photo-booth-a-complete-guide-for-event-planners,2026-05-11,0,1,12.0,0.0
https://www.miaphotobooth.net/post/what-is-a-360-photo-booth-a-complete-guide-for-event-planners,2026-05-18,0,2,10.0,0.0
https://www.miaphotobooth.net/post/what-is-a-360-photo-booth-a-complete-guide-for-event-planners,2026-05-25,0,1,11.0,0.0
https://www.miaphotobooth.net/post/what-is-glamour-shots,2026-02-09,0,15,8.01,0.0
https://www.miaphotobooth.net/post/what-is-glamour-shots,2026-02-16,0,9,8.73,0.0
https://www.miaphotobooth.net/post/what-is-glamour-shots,2026-02-23,0,20,8.68,0.0
https://www.miaphotobooth.net/post/what-is-glamour-shots,2026-03-02,0,20,7.13,0.0
https://www.miaphotobooth.net/post/what-is-glamour-shots,2026-03-09,0,25,7.19,0.0
https://www.miaphotobooth.net/post/what-is-glamour-shots,2026-03-16,0,31,7.76,0.0
https://www.miaphotobooth.net/post/what-is-glamour-shots,2026-03-23,0,9,7.75,0.0
https://www.miaphotobooth.net/post/what-size-are-photo-booth-pictures-a-complete-breakdown,2026-02-09,235,11212,2.62,2.096
https://www.miaphotobooth.net/post/what-size-are-photo-booth-pictures-a-complete-breakdown,2026-02-16,80,6615,2.86,1.209
https://www.miaphotobooth.net/post/what-size-are-photo-booth-pictures-a-complete-breakdown,2026-02-23,113,6082,2.91,1.858
https://www.miaphotobooth.net/post/what-size-are-photo-booth-pictures-a-complete-breakdown,2026-03-02,110,6087,2.93,1.807
https://www.miaphotobooth.net/post/what-size-are-photo-booth-pictures-a-complete-breakdown,2026-03-09,113,6521,2.93,1.733
https://www.miaphotobooth.net/post/what-size-are-photo-booth-pictures-a-complete-breakdown,2026-03-16,123,6605,2.77,1.862
https://www.miaphotobooth.net/post/what-size-are-photo-booth-pictures-a-complete-breakdown,2026-03-23,133,6780,2.8,1.962
https://www.miaphotobooth.net/post/what-size-are-photo-booth-pictures-a-complete-breakdown,2026-03-30,113,6292,2.87,1.796
https://www.miaphotobooth.net/post/what-size-are-photo-booth-pictures-a-complete-breakdown,2026-04-06,116,6450,2.94,1.798
https://www.miaphotobooth.net/post/what-size-are-photo-booth-pictures-a-complete-breakdown,2026-04-13,104,6279,3.04,1.656
https://www.miaphotobooth.net/post/what-size-are-photo-booth-pictures-a-complete-breakdown,2026-04-20,120,6155,3.42,1.95
https://www.miaphotobooth.net/post/what-size-are-photo-booth-pictures-a-complete-breakdown,2026-04-27,133,6295,3.63,2.113
https://www.miaphotobooth.net/post/what-size-are-photo-booth-pictures-a-complete-breakdown,2026-05-04,141,6817,3.49,2.068
https://www.miaphotobooth.net/post/what-size-are-photo-booth-pictures-a-complete-breakdown,2026-05-11,134,6312,3.64,2.123
https://www.miaphotobooth.net/post/what-size-are-photo-booth-pictures-a-complete-breakdown,2026-05-18,129,6033,3.78,2.138
https://www.miaphotobooth.net/post/what-size-are-photo-booth-pictures-a-complete-breakdown,2026-05-25,98,5167,3.77,1.897
https://www.miaphotobooth.net/post/what-to-do-with-photo-booth-pictures,2026-02-09,0,2,8.5,0.0
https://www.miaphotobooth.net/post/what-to-do-with-photo-booth-pictures,2026-02-16,0,4,9.83,0.0
https://www.miaphotobooth.net/post/what-to-do-with-photo-booth-pictures,2026-02-23,0,5,6.62,0.0
https://www.miaphotobooth.net/post/what-to-do-with-photo-booth-pictures,2026-03-02,0,5,4.38,0.0
https://www.miaphotobooth.net/post/what-to-do-with-photo-booth-pictures,2026-03-09,0,6,9.5,0.0
https://www.miaphotobooth.net/post/what-to-do-with-photo-booth-pictures,2026-03-16,0,2,11.5,0.0
https://www.miaphotobooth.net/post/what-to-do-with-photo-booth-pictures,2026-03-23,0,4,8.33,0.0
https://www.miaphotobooth.net/post/what-to-do-with-photo-booth-pictures,2026-03-30,0,9,10.25,0.0
https://www.miaphotobooth.net/post/what-to-do-with-photo-booth-pictures,2026-04-06,0,2,11.0,0.0
https://www.miaphotobooth.net/post/what-type-of-photo-booth-to-hire,2026-02-09,0,1,10.0,0.0
https://www.miaphotobooth.net/post/what-type-of-photo-booth-to-hire,2026-02-16,0,1,30.0,0.0
https://www.miaphotobooth.net/post/what-you-need-for-a-360-photo-booth,2026-02-09,0,60,7.43,0.0
https://www.miaphotobooth.net/post/what-you-need-for-a-360-photo-booth,2026-02-16,2,94,5.6,2.128
https://www.miaphotobooth.net/post/why-hire-a-photo-booth-for-your-event,2026-02-16,0,1,8.0,0.0
https://www.miaphotobooth.net/post/why-miami-events-are-loving-social-booths,2026-03-02,0,4,15.33,0.0
https://www.miaphotobooth.net/post/why-miami-events-are-loving-social-booths,2026-03-09,0,4,24.5,0.0
https://www.miaphotobooth.net/post/why-miami-events-are-loving-social-booths,2026-03-16,0,1,1.0,0.0
https://www.miaphotobooth.net/post/why-miami-events-are-loving-social-booths,2026-03-30,0,4,8.0,0.0
https://www.miaphotobooth.net/post/why-miami-events-are-loving-social-booths,2026-04-20,0,3,5.0,0.0
https://www.miaphotobooth.net/post/why-miami-events-are-loving-social-booths,2026-04-27,0,5,3.78,0.0
https://www.miaphotobooth.net/premier-photobooth-rental-in-miami-springs-fl,2026-02-09,0,15,21.52,0.0
https://www.miaphotobooth.net/premier-photobooth-rental-in-miami-springs-fl,2026-02-16,0,7,17.2,0.0
https://www.miaphotobooth.net/premier-photobooth-rental-in-miami-springs-fl,2026-02-23,0,12,19.97,0.0
https://www.miaphotobooth.net/premier-photobooth-rental-in-miami-springs-fl,2026-03-02,0,5,3.17,0.0
https://www.miaphotobooth.net/premier-photobooth-rental-in-miami-springs-fl,2026-03-09,0,5,17.11,0.0
https://www.miaphotobooth.net/premier-photobooth-rental-in-miami-springs-fl,2026-03-16,0,18,26.85,0.0
https://www.miaphotobooth.net/premier-photobooth-rental-in-miami-springs-fl,2026-03-23,0,8,27.31,0.0
https://www.miaphotobooth.net/premier-photobooth-rental-in-miami-springs-fl,2026-03-30,0,13,40.47,0.0
https://www.miaphotobooth.net/premier-photobooth-rental-in-miami-springs-fl,2026-04-06,0,2,5.0,0.0
https://www.miaphotobooth.net/premier-photobooth-rental-in-miami-springs-fl,2026-04-13,0,8,53.28,0.0
https://www.miaphotobooth.net/premier-photobooth-rental-in-miami-springs-fl,2026-04-20,0,13,21.12,0.0
https://www.miaphotobooth.net/premier-photobooth-rental-in-miami-springs-fl,2026-04-27,0,6,33.61,0.0
https://www.miaphotobooth.net/premier-photobooth-rental-in-miami-springs-fl,2026-05-04,0,5,28.88,0.0
https://www.miaphotobooth.net/premier-photobooth-rental-in-miami-springs-fl,2026-05-11,0,9,48.61,0.0
https://www.miaphotobooth.net/premier-photobooth-rental-in-miami-springs-fl,2026-05-18,0,19,33.84,0.0
https://www.miaphotobooth.net/premier-photobooth-rental-in-miami-springs-fl,2026-05-25,0,2,53.0,0.0
https://www.miaphotobooth.net/premium-photo-booth-rental-in-olympia-heights-fl,2026-02-09,0,9,32.0,0.0
https://www.miaphotobooth.net/premium-photo-booth-rental-in-olympia-heights-fl,2026-02-16,0,6,5.5,0.0
https://www.miaphotobooth.net/premium-photo-booth-rental-in-olympia-heights-fl,2026-02-23,0,2,2.0,0.0
https://www.miaphotobooth.net/premium-photo-booth-rental-in-olympia-heights-fl,2026-03-02,0,4,28.0,0.0
https://www.miaphotobooth.net/premium-photo-booth-rental-in-olympia-heights-fl,2026-03-09,0,3,34.67,0.0
https://www.miaphotobooth.net/premium-photo-booth-rental-in-olympia-heights-fl,2026-03-16,0,4,13.33,0.0
https://www.miaphotobooth.net/premium-photo-booth-rental-in-olympia-heights-fl,2026-03-23,0,3,9.0,0.0
https://www.miaphotobooth.net/premium-photo-booth-rental-in-olympia-heights-fl,2026-03-30,0,3,26.0,0.0
https://www.miaphotobooth.net/premium-photo-booth-rental-in-olympia-heights-fl,2026-04-06,0,3,22.67,0.0
https://www.miaphotobooth.net/premium-photo-booth-rental-in-olympia-heights-fl,2026-04-13,0,2,24.5,0.0
https://www.miaphotobooth.net/premium-photo-booth-rental-in-olympia-heights-fl,2026-04-20,0,4,26.0,0.0
https://www.miaphotobooth.net/premium-photo-booth-rental-in-olympia-heights-fl,2026-04-27,0,2,28.0,0.0
https://www.miaphotobooth.net/premium-photo-booth-rental-in-olympia-heights-fl,2026-05-04,0,8,31.85,0.0
https://www.miaphotobooth.net/premium-photo-booth-rental-in-olympia-heights-fl,2026-05-11,0,8,27.47,0.0
https://www.miaphotobooth.net/premium-photo-booth-rental-in-olympia-heights-fl,2026-05-25,0,4,9.0,0.0
https://www.miaphotobooth.net/prime-photo-booth-rental-in-southeast-gables-fl,2026-02-09,0,25,52.12,0.0
https://www.miaphotobooth.net/prime-photo-booth-rental-in-southeast-gables-fl,2026-02-16,0,98,52.32,0.0
https://www.miaphotobooth.net/prime-photo-booth-rental-in-southeast-gables-fl,2026-02-23,0,41,57.94,0.0
https://www.miaphotobooth.net/prime-photo-booth-rental-in-southeast-gables-fl,2026-03-02,0,34,58.29,0.0
https://www.miaphotobooth.net/prime-photo-booth-rental-in-southeast-gables-fl,2026-03-09,0,46,48.54,0.0
https://www.miaphotobooth.net/prime-photo-booth-rental-in-southeast-gables-fl,2026-03-16,0,52,41.37,0.0
https://www.miaphotobooth.net/prime-photo-booth-rental-in-southeast-gables-fl,2026-03-23,0,36,45.32,0.0
https://www.miaphotobooth.net/prime-photo-booth-rental-in-southeast-gables-fl,2026-03-30,0,36,42.5,0.0
https://www.miaphotobooth.net/prime-photo-booth-rental-in-southeast-gables-fl,2026-04-06,0,30,54.2,0.0
https://www.miaphotobooth.net/prime-photo-booth-rental-in-southeast-gables-fl,2026-04-13,0,25,63.91,0.0
https://www.miaphotobooth.net/prime-photo-booth-rental-in-southeast-gables-fl,2026-04-20,0,30,58.11,0.0
https://www.miaphotobooth.net/prime-photo-booth-rental-in-southeast-gables-fl,2026-04-27,0,29,60.69,0.0
https://www.miaphotobooth.net/prime-photo-booth-rental-in-southeast-gables-fl,2026-05-04,0,24,55.33,0.0
https://www.miaphotobooth.net/prime-photo-booth-rental-in-southeast-gables-fl,2026-05-11,0,14,70.37,0.0
https://www.miaphotobooth.net/prime-photo-booth-rental-in-southeast-gables-fl,2026-05-18,0,23,73.79,0.0
https://www.miaphotobooth.net/prime-photo-booth-rental-in-southeast-gables-fl,2026-05-25,0,9,43.83,0.0
https://www.miaphotobooth.net/professional-photo-booth-rental-in-university-park-fl,2026-02-09,0,8,6.13,0.0
https://www.miaphotobooth.net/professional-photo-booth-rental-in-university-park-fl,2026-02-16,0,11,49.65,0.0
https://www.miaphotobooth.net/professional-photo-booth-rental-in-university-park-fl,2026-02-23,0,4,68.5,0.0
https://www.miaphotobooth.net/professional-photo-booth-rental-in-university-park-fl,2026-03-02,0,2,51.5,0.0
https://www.miaphotobooth.net/professional-photo-booth-rental-in-university-park-fl,2026-03-09,0,4,26.17,0.0
https://www.miaphotobooth.net/professional-photo-booth-rental-in-university-park-fl,2026-03-16,0,6,30.22,0.0
https://www.miaphotobooth.net/professional-photo-booth-rental-in-university-park-fl,2026-03-23,0,2,53.5,0.0
https://www.miaphotobooth.net/professional-photo-booth-rental-in-university-park-fl,2026-03-30,0,1,84.0,0.0
https://www.miaphotobooth.net/professional-photo-booth-rental-in-university-park-fl,2026-04-06,0,3,10.67,0.0
https://www.miaphotobooth.net/professional-photo-booth-rental-in-university-park-fl,2026-04-13,0,2,23.5,0.0
https://www.miaphotobooth.net/professional-photo-booth-rental-in-university-park-fl,2026-04-20,0,2,15.0,0.0
https://www.miaphotobooth.net/professional-photo-booth-rental-in-university-park-fl,2026-04-27,0,4,7.83,0.0
https://www.miaphotobooth.net/professional-photo-booth-rental-in-university-park-fl,2026-05-04,0,2,55.0,0.0
https://www.miaphotobooth.net/professional-photo-booth-rental-in-university-park-fl,2026-05-11,0,1,12.0,0.0
https://www.miaphotobooth.net/professional-photo-booth-rental-in-university-park-fl,2026-05-18,0,1,6.0,0.0
https://www.miaphotobooth.net/professional-photo-booth-rental-in-university-park-fl,2026-05-25,0,3,44.75,0.0
https://www.miaphotobooth.net/quality-photo-booth-rental-in-spring-garden-fl,2026-02-09,0,2,25.5,0.0
https://www.miaphotobooth.net/quality-photo-booth-rental-in-spring-garden-fl,2026-03-02,0,2,3.0,0.0
https://www.miaphotobooth.net/quality-photo-booth-rental-in-spring-garden-fl,2026-03-30,0,2,86.0,0.0
https://www.miaphotobooth.net/quality-photo-booth-rental-in-spring-garden-fl,2026-04-06,0,3,45.0,0.0
https://www.miaphotobooth.net/quality-photo-booth-rental-in-spring-garden-fl,2026-04-13,0,1,8.0,0.0
https://www.miaphotobooth.net/quality-photo-booth-rental-in-spring-garden-fl,2026-04-20,0,6,55.11,0.0
https://www.miaphotobooth.net/quality-photo-booth-rental-in-spring-garden-fl,2026-04-27,0,1,7.0,0.0
https://www.miaphotobooth.net/quality-photo-booth-rental-in-spring-garden-fl,2026-05-04,0,5,36.5,0.0
https://www.miaphotobooth.net/quality-photo-booth-rental-in-spring-garden-fl,2026-05-11,0,4,46.25,0.0
https://www.miaphotobooth.net/quality-photo-booth-rental-in-spring-garden-fl,2026-05-18,0,1,6.0,0.0
https://www.miaphotobooth.net/quality-photo-booth-rental-in-spring-garden-fl,2026-05-25,0,3,31.33,0.0
https://www.miaphotobooth.net/reliable-photo-booth-rental-in-flagami-fl,2026-02-09,0,17,52.96,0.0
https://www.miaphotobooth.net/reliable-photo-booth-rental-in-flagami-fl,2026-02-16,0,23,37.35,0.0
https://www.miaphotobooth.net/reliable-photo-booth-rental-in-flagami-fl,2026-02-23,0,4,1.5,0.0
https://www.miaphotobooth.net/reliable-photo-booth-rental-in-flagami-fl,2026-03-02,0,7,42.21,0.0
https://www.miaphotobooth.net/reliable-photo-booth-rental-in-flagami-fl,2026-03-09,0,4,16.0,0.0
https://www.miaphotobooth.net/reliable-photo-booth-rental-in-flagami-fl,2026-03-16,0,8,17.61,0.0
https://www.miaphotobooth.net/reliable-photo-booth-rental-in-flagami-fl,2026-03-23,0,3,56.25,0.0
https://www.miaphotobooth.net/reliable-photo-booth-rental-in-flagami-fl,2026-03-30,0,5,17.17,0.0
https://www.miaphotobooth.net/reliable-photo-booth-rental-in-flagami-fl,2026-04-06,0,2,63.0,0.0
https://www.miaphotobooth.net/reliable-photo-booth-rental-in-flagami-fl,2026-04-13,0,1,23.0,0.0
https://www.miaphotobooth.net/reliable-photo-booth-rental-in-flagami-fl,2026-04-20,0,4,29.0,0.0
https://www.miaphotobooth.net/reliable-photo-booth-rental-in-flagami-fl,2026-04-27,0,1,10.0,0.0
https://www.miaphotobooth.net/reliable-photo-booth-rental-in-flagami-fl,2026-05-04,0,4,8.0,0.0
https://www.miaphotobooth.net/reliable-photo-booth-rental-in-flagami-fl,2026-05-11,0,7,37.4,0.0
https://www.miaphotobooth.net/reliable-photo-booth-rental-in-flagami-fl,2026-05-18,0,9,29.31,0.0
https://www.miaphotobooth.net/reliable-photo-booth-rental-in-flagami-fl,2026-05-25,0,3,13.33,0.0
https://www.miaphotobooth.net/roamer-booth,2026-02-09,0,40,19.19,0.0
https://www.miaphotobooth.net/roamer-booth,2026-02-16,1,82,16.85,1.22
https://www.miaphotobooth.net/roamer-booth,2026-02-23,0,36,14.13,0.0
https://www.miaphotobooth.net/roamer-booth,2026-03-02,1,47,15.4,2.128
https://www.miaphotobooth.net/roamer-booth,2026-03-09,0,52,15.85,0.0
https://www.miaphotobooth.net/roamer-booth,2026-03-16,0,49,14.3,0.0
https://www.miaphotobooth.net/roamer-booth,2026-03-23,0,34,17.01,0.0
https://www.miaphotobooth.net/roamer-booth,2026-03-30,1,41,20.13,2.439
https://www.miaphotobooth.net/roamer-booth,2026-04-06,0,32,21.14,0.0
https://www.miaphotobooth.net/roamer-booth,2026-04-13,0,31,20.91,0.0
https://www.miaphotobooth.net/roamer-booth,2026-04-20,0,32,14.71,0.0
https://www.miaphotobooth.net/roamer-booth,2026-04-27,0,30,11.7,0.0
https://www.miaphotobooth.net/roamer-booth,2026-05-04,0,25,20.83,0.0
https://www.miaphotobooth.net/roamer-booth,2026-05-11,0,38,16.8,0.0
https://www.miaphotobooth.net/roamer-booth,2026-05-18,0,25,19.97,0.0
https://www.miaphotobooth.net/roamer-booth,2026-05-25,0,29,24.54,0.0
https://www.miaphotobooth.net/serving-all-of-miami-fl,2026-02-09,0,177,18.97,0.0
https://www.miaphotobooth.net/serving-all-of-miami-fl,2026-02-16,0,196,14.21,0.0
https://www.miaphotobooth.net/serving-all-of-miami-fl,2026-02-23,0,95,15.93,0.0
https://www.miaphotobooth.net/serving-all-of-miami-fl,2026-03-02,0,76,20.43,0.0
https://www.miaphotobooth.net/serving-all-of-miami-fl,2026-03-09,0,104,12.26,0.0
https://www.miaphotobooth.net/serving-all-of-miami-fl,2026-03-16,0,121,17.16,0.0
https://www.miaphotobooth.net/serving-all-of-miami-fl,2026-03-23,0,100,12.6,0.0
https://www.miaphotobooth.net/serving-all-of-miami-fl,2026-03-30,0,104,13.3,0.0
https://www.miaphotobooth.net/serving-all-of-miami-fl,2026-04-06,0,80,10.82,0.0
https://www.miaphotobooth.net/serving-all-of-miami-fl,2026-04-13,1,59,14.44,1.695
https://www.miaphotobooth.net/serving-all-of-miami-fl,2026-04-20,0,74,26.74,0.0
https://www.miaphotobooth.net/serving-all-of-miami-fl,2026-04-27,0,71,14.11,0.0
https://www.miaphotobooth.net/serving-all-of-miami-fl,2026-05-04,0,59,16.04,0.0
https://www.miaphotobooth.net/serving-all-of-miami-fl,2026-05-11,0,77,19.48,0.0
https://www.miaphotobooth.net/serving-all-of-miami-fl,2026-05-18,0,53,26.98,0.0
https://www.miaphotobooth.net/serving-all-of-miami-fl,2026-05-25,0,29,15.21,0.0
https://www.miaphotobooth.net/social-booth,2026-02-09,0,1,7.0,0.0
https://www.miaphotobooth.net/social-booth,2026-02-16,0,5,6.67,0.0
https://www.miaphotobooth.net/social-booth,2026-02-23,0,4,5.83,0.0
https://www.miaphotobooth.net/social-booth,2026-03-02,0,6,5.88,0.0
https://www.miaphotobooth.net/social-booth,2026-03-09,0,2,8.0,0.0
https://www.miaphotobooth.net/social-booth,2026-03-30,0,7,6.1,0.0
https://www.miaphotobooth.net/social-booth,2026-04-06,0,3,9.33,0.0
https://www.miaphotobooth.net/social-booth,2026-04-13,0,2,8.5,0.0
https://www.miaphotobooth.net/social-booth,2026-04-20,0,4,7.17,0.0
https://www.miaphotobooth.net/social-booth,2026-04-27,0,3,4.25,0.0
https://www.miaphotobooth.net/social-booth,2026-05-04,0,1,3.0,0.0
https://www.miaphotobooth.net/social-booth,2026-05-11,0,10,8.12,0.0
https://www.miaphotobooth.net/social-booth,2026-05-18,0,1,11.0,0.0
https://www.miaphotobooth.net/social-booth,2026-05-25,0,1,4.0,0.0
https://www.miaphotobooth.net/studio-booth,2026-02-09,0,1,64.0,0.0
https://www.miaphotobooth.net/studio-booth,2026-02-16,0,11,9.0,0.0
https://www.miaphotobooth.net/studio-booth,2026-02-23,0,5,25.88,0.0
https://www.miaphotobooth.net/studio-booth,2026-03-02,0,6,6.5,0.0
https://www.miaphotobooth.net/studio-booth,2026-03-09,0,6,18.17,0.0
https://www.miaphotobooth.net/studio-booth,2026-03-16,0,10,19.28,0.0
https://www.miaphotobooth.net/studio-booth,2026-03-23,0,4,35.0,0.0
https://www.miaphotobooth.net/studio-booth,2026-03-30,0,8,33.25,0.0
https://www.miaphotobooth.net/studio-booth,2026-04-06,0,8,21.88,0.0
https://www.miaphotobooth.net/studio-booth,2026-04-13,0,4,26.75,0.0
https://www.miaphotobooth.net/studio-booth,2026-04-20,0,7,19.33,0.0
https://www.miaphotobooth.net/studio-booth,2026-04-27,0,12,17.45,0.0
https://www.miaphotobooth.net/studio-booth,2026-05-04,0,3,30.33,0.0
https://www.miaphotobooth.net/studio-booth,2026-05-11,0,10,10.9,0.0
https://www.miaphotobooth.net/studio-booth,2026-05-18,0,17,29.03,0.0
https://www.miaphotobooth.net/studio-booth,2026-05-25,0,4,7.33,0.0
https://www.miaphotobooth.net/stylish-photobooth-rental-in-virginia-gardens-fl,2026-02-09,0,9,34.83,0.0
https://www.miaphotobooth.net/stylish-photobooth-rental-in-virginia-gardens-fl,2026-02-16,0,95,22.68,0.0
https://www.miaphotobooth.net/stylish-photobooth-rental-in-virginia-gardens-fl,2026-02-23,0,41,20.16,0.0
https://www.miaphotobooth.net/stylish-photobooth-rental-in-virginia-gardens-fl,2026-03-02,0,17,9.09,0.0
https://www.miaphotobooth.net/stylish-photobooth-rental-in-virginia-gardens-fl,2026-03-09,0,9,31.96,0.0
https://www.miaphotobooth.net/stylish-photobooth-rental-in-virginia-gardens-fl,2026-03-16,0,29,36.1,0.0
https://www.miaphotobooth.net/stylish-photobooth-rental-in-virginia-gardens-fl,2026-03-23,0,25,8.32,0.0
https://www.miaphotobooth.net/stylish-photobooth-rental-in-virginia-gardens-fl,2026-03-30,0,46,17.71,0.0
https://www.miaphotobooth.net/stylish-photobooth-rental-in-virginia-gardens-fl,2026-04-06,0,22,9.26,0.0
https://www.miaphotobooth.net/stylish-photobooth-rental-in-virginia-gardens-fl,2026-04-13,0,11,23.73,0.0
https://www.miaphotobooth.net/stylish-photobooth-rental-in-virginia-gardens-fl,2026-04-20,0,19,20.91,0.0
https://www.miaphotobooth.net/stylish-photobooth-rental-in-virginia-gardens-fl,2026-04-27,0,13,41.62,0.0
https://www.miaphotobooth.net/stylish-photobooth-rental-in-virginia-gardens-fl,2026-05-04,0,15,11.24,0.0
https://www.miaphotobooth.net/stylish-photobooth-rental-in-virginia-gardens-fl,2026-05-11,0,31,25.11,0.0
https://www.miaphotobooth.net/stylish-photobooth-rental-in-virginia-gardens-fl,2026-05-18,0,25,21.12,0.0
https://www.miaphotobooth.net/stylish-photobooth-rental-in-virginia-gardens-fl,2026-05-25,0,16,27.98,0.0
https://www.miaphotobooth.net/top-photo-booth-rental-in-westwood-lakes-fl,2026-02-09,0,4,40.25,0.0
https://www.miaphotobooth.net/top-photo-booth-rental-in-westwood-lakes-fl,2026-02-16,0,27,51.02,0.0
https://www.miaphotobooth.net/top-photo-booth-rental-in-westwood-lakes-fl,2026-02-23,0,2,87.0,0.0
https://www.miaphotobooth.net/top-photo-booth-rental-in-westwood-lakes-fl,2026-03-09,0,2,46.0,0.0
https://www.miaphotobooth.net/top-photo-booth-rental-in-westwood-lakes-fl,2026-03-16,0,5,25.62,0.0
https://www.miaphotobooth.net/top-photo-booth-rental-in-westwood-lakes-fl,2026-03-23,0,1,6.0,0.0
https://www.miaphotobooth.net/top-photo-booth-rental-in-westwood-lakes-fl,2026-03-30,0,2,64.0,0.0
https://www.miaphotobooth.net/top-photo-booth-rental-in-westwood-lakes-fl,2026-04-06,0,1,20.0,0.0
https://www.miaphotobooth.net/top-photo-booth-rental-in-westwood-lakes-fl,2026-04-13,0,1,96.0,0.0
https://www.miaphotobooth.net/top-photo-booth-rental-in-westwood-lakes-fl,2026-04-20,0,2,20.0,0.0
https://www.miaphotobooth.net/top-photo-booth-rental-in-westwood-lakes-fl,2026-04-27,0,10,34.7,0.0
https://www.miaphotobooth.net/top-photo-booth-rental-in-westwood-lakes-fl,2026-05-04,0,7,8.6,0.0
https://www.miaphotobooth.net/top-photo-booth-rental-in-westwood-lakes-fl,2026-05-11,0,6,37.5,0.0
https://www.miaphotobooth.net/top-photo-booth-rental-in-westwood-lakes-fl,2026-05-18,0,4,30.33,0.0
https://www.miaphotobooth.net/top-photo-booth-rental-in-westwood-lakes-fl,2026-05-25,0,5,52.5,0.0
https://www.miaphotobooth.net/top-tier-photo-booth-rental-in-grapeland-heights-fl,2026-02-09,0,3,9.33,0.0
https://www.miaphotobooth.net/top-tier-photo-booth-rental-in-grapeland-heights-fl,2026-03-16,0,1,5.0,0.0
https://www.miaphotobooth.net/top-tier-photo-booth-rental-in-grapeland-heights-fl,2026-03-30,0,3,25.67,0.0
https://www.miaphotobooth.net/top-tier-photo-booth-rental-in-grapeland-heights-fl,2026-04-13,0,2,7.5,0.0
https://www.miaphotobooth.net/top-tier-photo-booth-rental-in-grapeland-heights-fl,2026-04-20,0,2,50.5,0.0
https://www.miaphotobooth.net/top-tier-photo-booth-rental-in-grapeland-heights-fl,2026-04-27,0,1,8.0,0.0
https://www.miaphotobooth.net/top-tier-photo-booth-rental-in-grapeland-heights-fl,2026-05-04,0,3,85.25,0.0
https://www.miaphotobooth.net/top-tier-photo-booth-rental-in-grapeland-heights-fl,2026-05-11,0,4,35.0,0.0
https://www.miaphotobooth.net/top-tier-photo-booth-rental-in-grapeland-heights-fl,2026-05-18,0,2,1.0,0.0
https://www.miaphotobooth.net/trendy-photo-booth-rental-in-edgewater-fl,2026-03-09,0,6,42.33,0.0
https://www.miaphotobooth.net/trendy-photo-booth-rental-in-edgewater-fl,2026-03-16,0,9,40.83,0.0
https://www.miaphotobooth.net/trendy-photo-booth-rental-in-edgewater-fl,2026-03-23,0,1,20.0,0.0
https://www.miaphotobooth.net/trendy-photo-booth-rental-in-edgewater-fl,2026-03-30,0,7,34.3,0.0
https://www.miaphotobooth.net/trendy-photo-booth-rental-in-edgewater-fl,2026-04-06,0,4,36.67,0.0
https://www.miaphotobooth.net/trendy-photo-booth-rental-in-edgewater-fl,2026-04-13,0,4,12.67,0.0
https://www.miaphotobooth.net/trendy-photo-booth-rental-in-edgewater-fl,2026-04-20,0,9,49.58,0.0
https://www.miaphotobooth.net/trendy-photo-booth-rental-in-edgewater-fl,2026-04-27,0,4,26.17,0.0
https://www.miaphotobooth.net/trendy-photo-booth-rental-in-edgewater-fl,2026-05-04,0,6,57.38,0.0
https://www.miaphotobooth.net/trendy-photo-booth-rental-in-edgewater-fl,2026-05-11,0,4,66.5,0.0
https://www.miaphotobooth.net/trendy-photo-booth-rental-in-edgewater-fl,2026-05-18,0,9,20.77,0.0
https://www.miaphotobooth.net/trendy-photo-booth-rental-in-edgewater-fl,2026-05-25,0,2,55.5,0.0
https://www.miaphotobooth.net/unique-photo-booth-rental-in-allapattah-fl,2026-02-09,0,4,45.0,0.0
https://www.miaphotobooth.net/unique-photo-booth-rental-in-allapattah-fl,2026-02-16,0,28,1.28,0.0
https://www.miaphotobooth.net/unique-photo-booth-rental-in-allapattah-fl,2026-02-23,0,4,11.33,0.0
https://www.miaphotobooth.net/unique-photo-booth-rental-in-allapattah-fl,2026-03-02,0,1,96.0,0.0
https://www.miaphotobooth.net/unique-photo-booth-rental-in-allapattah-fl,2026-03-09,0,2,20.0,0.0
https://www.miaphotobooth.net/unique-photo-booth-rental-in-allapattah-fl,2026-03-16,0,9,3.86,0.0
https://www.miaphotobooth.net/unique-photo-booth-rental-in-allapattah-fl,2026-03-23,0,3,6.33,0.0
https://www.miaphotobooth.net/unique-photo-booth-rental-in-allapattah-fl,2026-03-30,0,4,29.33,0.0
https://www.miaphotobooth.net/unique-photo-booth-rental-in-allapattah-fl,2026-04-06,0,3,57.0,0.0
https://www.miaphotobooth.net/unique-photo-booth-rental-in-allapattah-fl,2026-04-13,0,3,6.75,0.0
https://www.miaphotobooth.net/unique-photo-booth-rental-in-allapattah-fl,2026-04-20,0,8,21.2,0.0
https://www.miaphotobooth.net/unique-photo-booth-rental-in-allapattah-fl,2026-04-27,0,7,11.72,0.0
https://www.miaphotobooth.net/unique-photo-booth-rental-in-allapattah-fl,2026-05-04,0,8,6.0,0.0
https://www.miaphotobooth.net/unique-photo-booth-rental-in-allapattah-fl,2026-05-11,0,14,38.38,0.0
https://www.miaphotobooth.net/unique-photo-booth-rental-in-allapattah-fl,2026-05-18,0,3,18.5,0.0
https://www.miaphotobooth.net/unique-photo-booth-rental-in-allapattah-fl,2026-05-25,0,1,89.0,0.0
