query,clicks,impressions,position_avg,ctr_pct
social photo booth rental miami,0,13146,4.14,0.0
glam photo booth miami,0,5843,11.0,0.0
photo strip size,87,2184,1.82,3.984
photobooth strip size,24,2109,2.29,1.138
photo booth rental miami,13,2029,12.96,0.641
photobooth size,27,1577,2.58,1.712
photo booth,7,854,9.87,0.82
photo booth rental,9,821,7.46,1.096
photobooth,5,743,9.58,0.673
photo booth size,20,710,2.71,2.817
size of photobooth strip,4,691,2.09,0.579
photostrip size,1,654,2.29,0.153
photo booth strip size,16,592,2.03,2.703
ukuran strip photobooth,4,583,2.01,0.686
photostrip size photobooth,11,564,3.25,1.95
photobooth picture size,16,554,1.78,2.888
miami photo booth rental,1,488,13.57,0.205
photo booth miami,6,482,11.59,1.245
photo strip dimensions,18,460,1.95,3.913
size of photo booth strips in cm,3,431,2.65,0.696
what are photo booth pictures called,0,414,1.51,0.0
photostrip photobooth size,2,409,2.4,0.489
ukuran photobooth strip,0,399,2.29,0.0
photo booth strip dimensions,8,382,2.13,2.094
photobooth size in cm,1,380,2.6,0.263
360 photo booth rental miami,0,368,15.03,0.0
photo strips size,13,358,1.95,3.631
photo booth dimensions,5,350,1.82,1.429
photobooth dimensions,2,347,4.47,0.576
2x2 picture size,0,347,1.01,0.0
what size are photo booth strips,4,329,1.94,1.216
photo booth props diy,1,324,11.4,0.309
photo booth picture size,15,317,1.95,4.732
what size is a photo booth strip,0,317,1.54,0.0
size of photo booth strips,2,300,1.8,0.667
photo strip size cm,3,294,2.59,1.02
photo booth photo size,24,286,1.81,8.392
how big is a photo booth strip,1,277,1.51,0.361
mini photo strip size,2,275,2.76,0.727
photobooth photo size,20,272,1.34,7.353
size of a photo booth strip,2,267,1.91,0.749
diy photo booth props,7,264,6.76,2.652
dimensions of photo booth strip,3,248,1.65,1.21
miami photo booth,8,237,5.71,3.376
what is the size of a photo booth strip,12,231,1.56,5.195
photo booth frame size,9,224,3.42,4.018
"""glam photo booth""",0,219,72.79,0.0
photo booth print size,12,219,1.54,5.479
photo booth pictures,0,218,4.67,0.0
photo booth miami rental,0,214,13.8,0.0
photo booth rental near me,0,213,4.98,0.0
polaroid photo size,0,212,1.0,0.0
photobooth paper size,9,208,1.35,4.327
size photobooth,15,205,1.01,7.317
what are the photo booth pictures called,1,201,1.38,0.498
dimensions of a photo booth strip,8,192,1.48,4.167
strip photo size,5,191,1.64,2.618
roamer booth,0,189,12.4,0.0
6x2 photo size,0,184,4.32,0.0
what are the dimensions of a photo booth strip,8,183,1.4,4.372
roamer photo booth miami,0,174,8.27,0.0
photostrip,0,173,4.77,0.0
photobooth size picture,13,173,1.2,7.514
photobooth frame size,10,168,1.5,5.952
standard photobooth strip size,2,168,1.65,1.19
how long is a photo booth strip,0,167,2.0,0.0
360 photo booth rental,0,165,10.75,0.0
photobooth size print,3,157,1.83,1.911
how big are photo booth strips,2,157,1.78,1.274
roamer photo booth,0,154,24.27,0.0
photobooth strip dimensions,4,149,1.35,2.685
standard photo booth strip size,2,147,1.76,1.361
roamer photo booth rental,1,146,7.49,0.685
rent a photo booth,0,144,8.74,0.0
photo booth rentals,1,144,6.39,0.694
what size are photobooth strips,1,141,1.72,0.709
party photo booth rental,0,141,1.18,0.0
"family photo sessions in coral gables, fl",0,140,67.26,0.0
rent photo booth,1,138,11.31,0.725
photo booth picture size in cm,4,137,2.72,2.92
what is the size of photobooth strip,1,137,2.49,0.73
photo booth sizes,5,137,1.82,3.65
photo booth strip meaning,0,137,4.14,0.0
what are those photo booth pictures called,0,136,1.21,0.0
photostrip dimensions,2,135,1.81,1.481
photobooth sizes,9,135,1.02,6.667
photo booth photos,0,134,4.8,0.0
what is the size of photo booth strips,0,133,1.73,0.0
photo booth rental miami fl,0,132,14.01,0.0
social photo booth rental,0,131,7.81,0.0
what size is a photobooth strip,0,128,1.63,0.0
photo booth rentals in miami,0,127,13.6,0.0
photobooth miami,5,125,9.38,4.0
size photostrip,2,121,2.06,1.653
social booth rental,0,120,10.19,0.0
photobooth strips size,4,119,1.59,3.361
standard photo booth size,2,115,1.76,1.739
polaroid strip size,6,114,1.41,5.263
photobooth rental,0,114,7.3,0.0
standard photo strip size,3,113,1.97,2.655
size photobooth frame,1,113,1.67,0.885
photo booth machine rental,0,111,7.74,0.0
photo me booth photo sizes,1,111,5.67,0.901
what do you call photo booth pictures,0,110,1.63,0.0
photo booth for rent,0,110,7.11,0.0
photobooth size in inches,3,109,1.4,2.752
photo booth size prints,6,109,1.19,5.505
how long are photo booth strips,3,109,1.62,2.752
photo booth meaning,0,108,23.69,0.0
how to make a photo booth frame,0,108,26.59,0.0
photobooth strip standard size 2x6 inches,0,104,8.25,0.0
photo booth company,0,104,9.13,0.0
black and white photo booth miami,0,104,14.47,0.0
size of photo strip,0,102,1.87,0.0
photo booth paper size,1,98,1.87,1.02
photobooth meaning,0,98,9.81,0.0
ukuran photo strips,1,97,2.34,1.031
photobooth strip size in cm,3,96,1.67,3.125
miami photobooth,5,95,8.0,5.263
studio photo booth rental,0,95,6.43,0.0
strip size photobooth,1,95,1.72,1.053
360 photo booth pictures,0,94,11.48,0.0
how to make photo booth props,1,94,9.14,1.064
photo booth strips size,3,94,2.08,3.191
diy custom photo booth props ideas,0,92,8.79,0.0
photo strip,0,92,7.62,0.0
photo booth size picture,4,91,1.3,4.396
how big is a photo strip,1,89,1.41,1.124
360 photo booth for rent,0,89,10.25,0.0
what do you call the photo booth pictures,0,89,1.2,0.0
vintage photobooth strip size,2,88,1.59,2.273
photobooth print size,2,88,1.42,2.273
rent a 360 photo booth,0,87,12.67,0.0
photo booth miami fl,0,87,15.45,0.0
glam photo booth rental,1,86,18.57,1.163
average size of photo booth strip,1,85,1.94,1.176
mini photobooth strip size,1,85,1.65,1.176
photobooth pic size,2,85,1.6,2.353
photo booth images,0,84,24.23,0.0
what are photo booth photos called,0,83,1.44,0.0
photobooth rental miami,0,83,11.49,0.0
size frame photobooth,5,83,1.1,6.024
studio booth for rent miami,0,83,13.54,0.0
ขนาด photo booth,3,82,1.15,3.659
how to display photo booth strips,1,81,7.79,1.235
photobooth in spanish,0,81,2.06,0.0
photo booth rental south florida,0,81,36.69,0.0
photo booth pictures called,0,81,1.01,0.0
photo booth picture dimensions,2,81,1.63,2.469
photo booth in spanish,0,80,2.05,0.0
photobooth photos,1,79,3.87,1.266
ukuran photo strip,0,79,1.95,0.0
photobooth layout size,1,78,1.41,1.282
what size is a photo booth picture,2,78,1.32,2.564
diy photo props,0,77,9.64,0.0
photobooth strip size in px,0,76,2.45,0.0
photo booth template size,0,76,1.02,0.0
photobooth pictures,0,75,4.31,0.0
wedding photo booth miami,0,75,14.69,0.0
what is the size of a photo strip,2,74,1.46,2.703
rent 360 photo booth,0,74,10.65,0.0
photo strip size in inches,1,74,2.13,1.351
photobooth picture,0,74,5.35,0.0
what size are photo strips,1,73,1.91,1.37
how big are photo booth pictures,2,73,2.16,2.74
360 photo booth miami,0,73,23.0,0.0
what is the standard size of a photo booth strip,2,73,1.87,2.74
what size are photo booth pictures,6,73,1.28,8.219
photo booth rental lakeland fl,0,71,64.28,0.0
standard photobooth size,1,71,1.67,1.408
how does a 360 photo booth work,0,70,30.05,0.0
photo booth picture name,1,69,1.24,1.449
what size is a photo strip,2,69,1.45,2.899
photo booth rental in miami,0,68,12.79,0.0
photobooth picture called,0,67,1.18,0.0
photo booth names,0,67,20.88,0.0
photo booth in miami,1,66,15.91,1.515
photo strips,0,65,6.61,0.0
2 by 2 picture size,0,65,1.0,0.0
photo booth photos called,1,65,1.26,1.538
photo booth strips,0,64,4.21,0.0
photo strip size in pixels,0,63,1.8,0.0
photo strip meaning,0,62,2.69,0.0
size of photobooth picture,3,62,1.75,4.839
2x6 vs 4x6 photo booth,0,62,6.56,0.0
photobooth photo strip size,1,61,1.93,1.639
standard size of photobooth strip,1,61,1.84,1.639
miami event photo booth rental,0,61,12.4,0.0
photo me picture sizes,0,60,2.12,0.0
photostrips size,0,60,3.03,0.0
strip picture size,0,60,1.76,0.0
photo booth measurements,1,60,2.17,1.667
what size is photobooth strip,0,59,2.49,0.0
photo strip sizes,4,59,1.01,6.78
standard photo booth,0,59,5.36,0.0
create your own photo booth props,0,59,7.31,0.0
photobooth photo dimensions,5,58,1.47,8.621
photo booth rental miami florida,0,58,14.56,0.0
size of a photo strip,0,58,1.4,0.0
what do you call a photo booth picture,0,58,1.46,0.0
miami photo booth party,0,57,14.88,0.0
photo booth synonyms,1,57,3.49,1.754
average photo booth strip size,1,57,1.63,1.754
photobooth photo sizes,5,57,1.43,8.772
virginia gardens camera,0,56,8.97,0.0
miami event photo booth,0,56,11.81,0.0
photobooth names,0,54,20.19,0.0
2x6 picture size,1,53,2.87,1.887
"photo id photographer in coral gables, fl",0,53,25.72,0.0
diy polaroid frame photo booth,1,53,7.06,1.887
black and white photo booth rental,0,53,10.83,0.0
photo booth paper strips,0,52,7.89,0.0
how big are photo strips,0,52,1.37,0.0
size of photo strips,1,52,3.05,1.923
photo booth rental in miami fl,0,52,14.69,0.0
what is a 360 photo booth,0,52,55.05,0.0
diy props for photo booth,0,52,5.7,0.0
virginia gardens cameras,0,51,9.23,0.0
photo booth rental sizes,0,51,3.59,0.0
size of photo booth,0,51,2.99,0.0
what is the size of a photobooth strip,2,51,1.81,3.922
photo strip size in cm,1,50,2.27,2.0
commercial photography services in coral gables,0,50,63.05,0.0
what is photo booth,0,50,22.5,0.0
photo strip measurements,3,49,1.8,6.122
photo booth picture,1,48,10.29,2.083
photo booth standard size,1,48,2.26,2.083
portsmouth photo booth rental,0,48,77.63,0.0
what size photos do photo booths take,2,48,2.54,4.167
photo booth pictures size,4,48,1.58,8.333
mobile photo booth rental service,0,48,39.69,0.0
size of photobooth strip in cm,1,47,3.08,2.128
what is a photo strip,0,47,4.75,0.0
photo booth photo dimensions,2,47,2.1,4.255
what is the average size of a photo booth strip,1,47,1.87,2.128
2×2 picture size,0,46,1.0,0.0
photo booth film strip size,1,46,1.67,2.174
size of a photobooth strip,1,45,1.61,2.222
photobooth measurements,2,45,2.56,4.444
photo booth picture called,2,44,1.11,4.545
photo booth strip measurements,1,44,1.71,2.273
miami headshot photo booths,0,44,22.05,0.0
frame photobooth size,3,43,1.62,6.977
size photo strip,1,43,1.73,2.326
photo booth photo strip size,2,42,2.34,4.762
360 photo booth rentals,0,42,9.07,0.0
photobooth rentals,0,42,11.53,0.0
size of photo booth pictures,1,42,2.16,2.381
photo booth photo,1,42,7.18,2.381
what size are photo booth photos,0,42,1.49,0.0
wynwood photo booth,0,41,11.38,0.0
photo booth special effects,0,41,21.86,0.0
wedding photo booth,0,41,17.09,0.0
how big is a photobooth strip,2,41,1.51,4.878
photo booth rental anna maria island,0,40,63.85,0.0
dimensions of a photo booth,0,40,4.64,0.0
headshot booth,0,40,31.19,0.0
photo booth picture strip,0,39,9.99,0.0
how to get a photo booth,0,39,69.3,0.0
miami photo booths,0,39,9.01,0.0
2x6 photo strip,0,39,1.67,0.0
how to make photobooth props,0,39,3.4,0.0
size of photo booth frame,0,39,4.19,0.0
photo booth image size,1,38,1.35,2.632
make your own photo booth props,1,38,5.77,2.632
film strip size,0,38,7.52,0.0
size for photo booth,3,37,1.95,8.108
photobooth pics,0,37,2.77,0.0
photobooth standard size,2,37,2.92,5.405
photobooth template size,0,37,1.3,0.0
polaroid frame for photo booth,0,36,8.92,0.0
booth rental in miami,0,36,13.1,0.0
local photo booth rental,0,35,14.7,0.0
social media photo booth,0,35,40.78,0.0
photo booth rentals miami,0,35,14.5,0.0
polaroid photo booth frame,0,35,12.38,0.0
words to describe photo booth,0,34,1.84,0.0
photo booth pic,0,34,7.83,0.0
glam photo booth,0,34,19.71,0.0
size of photobooth,0,34,1.96,0.0
average size of a photo booth strip,2,34,1.57,5.882
mia photo booth,3,34,1.57,8.824
photobooth size cm,0,34,2.61,0.0
glam booth photo booth,0,34,23.81,0.0
360 photo booth hire,0,34,11.36,0.0
photobooth trends 2026,0,33,5.89,0.0
miami photo booth rentals,1,33,11.07,3.03
average photo strip size,1,33,1.31,3.03
photobooth props diy,0,33,9.71,0.0
photo booth pics,0,33,5.5,0.0
photo props,1,33,1.0,3.03
photo booth rental service,0,33,46.4,0.0
ring roamer photo booth,0,33,29.17,0.0
photo booth photo sizes,2,32,1.27,6.25
2x2 size,0,32,1.0,0.0
photo booth photo name,1,32,4.24,3.125
photobooth dimension,0,31,5.41,0.0
event photo booth rental,0,31,9.18,0.0
what is the size of a photo booth picture,1,31,1.63,3.226
photo booth polaroid frame,0,30,8.94,0.0
photostrips,0,30,2.63,0.0
mia photobooth,2,30,2.88,6.667
what is a photo booth,0,30,29.49,0.0
photo booth for weddings,0,30,18.23,0.0
standard photobooth,0,30,5.69,0.0
photo booth trends 2026,0,30,6.25,0.0
how to make props for photo booth,0,30,6.74,0.0
how to make photo props,0,29,11.75,0.0
"""viral photo booth"" white curtain or backdrop or strip",0,29,2.07,0.0
photobooth synonym,0,29,1.0,0.0
photobooth rental near me,0,29,22.99,0.0
diy photobooth props,0,29,6.12,0.0
photo booth size in cm,0,29,3.31,0.0
photobooth in chinese,0,28,2.2,0.0
digital photo booth rental,0,28,9.02,0.0
polaroid size,0,28,1.17,0.0
ukuran photo booth,0,28,2.69,0.0
standard size of photo booth strip,1,28,1.62,3.571
2by2 picture size,0,28,1.0,0.0
bedanya photobooth dan photobox,0,28,2.88,0.0
photo booth services,0,28,7.07,0.0
photo booth size picture frames,3,28,1.14,10.714
mini photobooth size,0,28,1.42,0.0
photo booth rental lido beach fl,0,28,70.76,0.0
what size is photo booth paper,0,27,1.28,0.0
miami photobooth rental,2,27,7.27,7.407
photobox,0,27,2.02,0.0
ukuran photobooth,0,26,24.37,0.0
photo booth wynwood,0,26,10.06,0.0
photo props diy,0,26,11.48,0.0
selfie photo booth rental,0,26,78.09,0.0
photo booth paper,0,26,13.32,0.0
polaroid picture size,0,26,1.0,0.0
fotostrip,0,26,1.4,0.0
photobooth for parties,0,25,12.31,0.0
2x6 photo strip size,0,25,1.76,0.0
selfie booth rental,0,25,16.5,0.0
photobooth near me,0,25,10.99,0.0
foto booth,0,25,15.77,0.0
photo booth near me,0,25,14.96,0.0
how long is a photo strip,2,25,2.35,8.0
photo booth printer strips,0,25,2.6,0.0
what is a photo booth strip called,0,25,1.56,0.0
photobooth strip sizes,0,24,2.02,0.0
photo booth rental miami prices,0,24,23.86,0.0
photo strips photo booth,0,24,20.4,0.0
photo booth dimension,0,24,1.31,0.0
2x2 booth size,0,24,7.16,0.0
dimensions of a photo strip,1,23,1.12,4.348
diy photo prop,0,23,5.13,0.0
polaroid frame photo booth,1,23,11.79,4.348
props for photo booth diy,0,23,8.36,0.0
rent photo booth miami,0,23,12.41,0.0
selfie booth size,0,23,9.74,0.0
ring light photo booth rental,1,23,23.73,4.348
how to display photo strips,0,23,3.73,0.0
photo booth size in inches,1,23,2.06,4.348
photo booth prop ideas,0,23,21.12,0.0
photobooth strip,0,23,18.97,0.0
sweet 16 photo booth rental,0,22,36.89,0.0
photo booth rental company,0,22,48.33,0.0
photo booth rental cost,0,22,12.91,0.0
2x6 photo size,0,22,3.14,0.0
diy photo booth props ideas,0,22,7.31,0.0
what is a photo booth strip,0,22,3.11,0.0
how big is a standard photo booth strip,1,22,1.67,4.545
roaming photo booth,0,22,27.15,0.0
photo booth rental prices,0,21,11.21,0.0
photobooth picture name,0,21,1.68,0.0
photo booth frame dimensions,1,21,5.1,4.762
perbedaan photobooth dan photobox,0,21,2.38,0.0
photo booths miami,0,21,12.41,0.0
rental photo booth for wedding,0,21,46.11,0.0
photobooth picture dimensions,1,21,1.26,4.762
what is the size of 2x2 picture,0,21,1.0,0.0
2 mb ka photo size,0,21,3.48,0.0
photo booth rental wedding,0,20,14.1,0.0
dana park acme cloud headshot or profile photo or speaker,0,20,5.01,0.0
vintage photobooth size,0,20,1.41,0.0
photobooth photo,0,20,8.63,0.0
photo booth style prints,0,20,18.11,0.0
photo booth image,0,20,5.93,0.0
360 photo booth rental san diego,0,20,16.22,0.0
strip photo booth near me,0,19,3.68,0.0
photobooth tits,0,19,2.15,0.0
what is 360 photo booth,0,19,65.21,0.0
glam booth,0,19,14.74,0.0
size of mini photo strip,0,19,4.56,0.0
typical photo booth strip size,0,19,3.73,0.0
how does 360 photo booth work,0,18,38.31,0.0
photo strips size in cm,0,18,2.31,0.0
strip image size,0,18,2.18,0.0
strips photobooth,0,18,1.31,0.0
photobooth in tagalog,0,18,1.57,0.0
picture booth,0,18,9.53,0.0
360 photo booth sizes,0,17,14.17,0.0
wedding photo booth rental,0,17,8.71,0.0
photo strip size width and height,0,17,2.7,0.0
photobooth strip standard size 2 x 6 inches,0,17,5.54,0.0
my photo booth,0,17,38.46,0.0
how to display photo booth props,2,17,6.27,11.765
photo booth prints,0,17,11.6,0.0
ideas for photo booth props,0,16,16.73,0.0
photo booth for wedding rental,0,16,41.95,0.0
photobooths,0,16,2.32,0.0
photo booths in miami,0,16,11.08,0.0
rent my photo booth,0,16,31.46,0.0
photostrip size photobooth in cm,0,16,6.21,0.0
photo booth rental for parties,0,16,5.25,0.0
photo paper size for photobooth,0,15,1.3,0.0
size of photostrip,0,15,2.14,0.0
photo booth means,0,15,38.36,0.0
photobooth strips,0,15,4.0,0.0
how can i keep photo booth decorations looking fresh during a party?,0,15,32.14,0.0
strip image meaning,0,15,1.09,0.0
hasil photobooth disebut,0,15,2.8,0.0
vintage photo booth strip size,1,15,1.91,6.667
photo strip frame,0,15,9.82,0.0
photo both,0,15,5.7,0.0
photoboth,1,15,4.15,6.667
photo booth materials,0,15,22.96,0.0
photo booth rental westchester county ny,0,15,70.47,0.0
photobooth wynwood,0,15,9.64,0.0
how much are photo booth pictures,0,15,4.83,0.0
photo strip standard size,0,14,1.89,0.0
diy polaroid frame for photo booth,0,14,15.05,0.0
diy polaroid photo booth frame,0,14,12.65,0.0
diy photography props,0,14,14.18,0.0
rental for photo booth,0,14,44.6,0.0
photo booth photo size cm,0,14,3.03,0.0
glam booth rental,0,14,10.62,0.0
ukuran foto strip photobooth,1,14,1.8,7.143
what size is 2x6 in inches,0,14,2.0,0.0
photobooths in miami,0,14,12.29,0.0
photo booth strip frame,0,14,7.18,0.0
photo strip template size,0,14,2.77,0.0
photo booth props ideas,0,14,15.31,0.0
dimensions of a photobooth strip,1,14,2.42,7.143
photo booth square,0,13,6.85,0.0
photo booth adalah,0,13,2.8,0.0
photo booth lakeland fl,0,13,69.54,0.0
photobooth pic,0,13,4.08,0.0
photobooth poses,0,13,5.59,0.0
rent a photo booth miami,0,13,9.0,0.0
dimension photo photobooth,1,13,2.12,7.692
ways to display photo booth strips,0,13,6.96,0.0
photo booth westchester ny,0,13,76.0,0.0
strip polaroid size,0,13,1.27,0.0
premier photo booth rental,0,13,19.15,0.0
how long is a photobooth strip,0,13,1.97,0.0
strip photobooth ukuran,0,13,1.91,0.0
photo booth print out,0,13,21.0,0.0
what is photobooth,0,13,18.14,0.0
photo booth description,0,13,57.46,0.0
strap photobooth,0,13,1.33,0.0
portable photo booth that fits minimalist or elegant event aesthetics,0,13,6.6,0.0
apa bedanya photobox dan photobooth,0,12,2.67,0.0
photo booth strip,0,12,11.82,0.0
photo booth rental westchester,0,12,34.23,0.0
what is a photobooth,0,12,16.37,0.0
360 photo booth photos,0,12,12.42,0.0
mobile photo booth,0,12,24.06,0.0
nautical shipwrecked photoshoot prop ideas,0,12,7.78,0.0
photo booth in chinese,0,12,2.17,0.0
typical photo booth print size,1,12,1.42,8.333
photobooth in french,0,12,2.18,0.0
portable photo booth rental,0,12,71.45,0.0
polaroid photo booth frame diy,1,12,11.36,8.333
how to make your own photo booth props,0,12,8.25,0.0
photo strip photo booth,0,12,19.91,0.0
wedding shower photo booth,0,12,17.45,0.0
event photo booth,0,12,9.83,0.0
diy polaroid frame,0,12,22.31,0.0
strip size,0,12,8.33,0.0
words for photo booth,0,12,10.2,0.0
فوتوبوث,0,12,3.17,0.0
"""(786) 833-7645"" mia photo booth",0,11,1.92,0.0
360 photo booth rental miami fl,0,11,16.07,0.0
message booth,0,11,41.4,0.0
glam booth wedding,0,11,23.52,0.0
360 photo booth image,0,11,11.95,0.0
premier photo booth,0,11,18.19,0.0
what are the dimensions of a photo strip,0,11,3.08,0.0
booth photo,0,11,25.64,0.0
photo booth photo strip,0,11,11.18,0.0
size ảnh photo booth,0,11,1.2,0.0
perbedaan photobox dan photobooth,0,11,2.83,0.0
strip photobooth size,0,11,1.38,0.0
photo booth or photobooth,0,11,1.95,0.0
taille photo photobooth,1,11,6.09,9.091
how to make a photo booth frame from foam board,0,11,6.93,0.0
wynwood photobooth,0,11,9.18,0.0
"""photo booth mini"" app photo strips",0,11,2.0,0.0
photo booth in tagalog,0,11,1.29,0.0
selfie booth for rent,0,11,20.5,0.0
photostrip dimension,0,10,2.52,0.0
photo strip photo booth size,0,10,1.75,0.0
what size is 2x2 picture,0,10,1.0,0.0
diy photo booth prop,0,10,10.56,0.0
using pillows for photo booth props at events,0,10,22.89,0.0
photo booth for wedding,0,10,16.0,0.0
photo rental booth,0,10,50.33,0.0
prop ideas for photo booth,0,10,25.61,0.0
capture photo booth,0,10,6.56,0.0
size photo booth strip,0,10,2.5,0.0
booth pictures,0,10,5.9,0.0
renting a photo booth,0,10,39.11,0.0
photo strip display ideas,0,10,8.17,0.0
photo trip,0,10,1.17,0.0
panoramic 360 photo booth setup,0,10,46.56,0.0
beda photobooth dan photobox,0,10,2.39,0.0
strip photobooth,0,10,12.38,0.0
polaroid size in inches,0,9,1.0,0.0
is photo booth one word,0,9,66.56,0.0
what do you call the strip of photos from a photo booth,0,9,1.35,0.0
photobooth words,0,9,1.0,0.0
mia photography,0,9,3.69,0.0
360 photo booth description,0,9,34.62,0.0
photobooths miami,0,9,1.25,0.0
photo booth rental companies,0,9,62.85,0.0
diy photo booth equipment rental,0,9,73.57,0.0
photobooth date,0,9,1.0,0.0
"business photography studio in coral gables, fl",0,9,45.46,0.0
photo booth photo frame,0,9,6.44,0.0
perbedaan photo box dan photo booth,0,9,2.71,0.0
photo booth international,0,9,50.43,0.0
tiras de fotos,0,9,2.56,0.0
another word for photo booth,0,9,1.38,0.0
photobooth pose,0,9,6.24,0.0
360 photo booth picture,0,9,12.97,0.0
my photobooth,0,9,50.33,0.0
booth pics photo booth,0,8,3.14,0.0
how big are photobooth strips,0,8,2.6,0.0
booth pics,0,8,11.12,0.0
photo booth rental westchester ny,0,8,73.79,0.0
photo booth tits,0,8,2.25,0.0
photo booths,0,8,6.5,0.0
what is the size of polaroid picture,0,8,1.0,0.0
dimension photobooth,0,8,5.25,0.0
360 booth rental,0,8,34.17,0.0
photo booth rental indian shores fl,0,8,75.75,0.0
photo booth black and white,0,8,44.07,0.0
strip photo booth,0,8,19.25,0.0
how to make a frame for a photo booth,0,8,21.83,0.0
photoboot,0,8,4.71,0.0
how to create photo booth props,0,8,22.87,0.0
size of 2x2,0,8,1.0,0.0
photo booth synonym,0,8,1.0,0.0
photo strip photobooth,0,8,7.5,0.0
360 photo booth rental olympia,0,8,42.86,0.0
photo booth props,0,8,34.78,0.0
photo from photo booth,0,8,1.75,0.0
pair prop polaroid,0,8,7.17,0.0
booth picture,0,8,11.38,0.0
photobooth landscape size,0,8,1.25,0.0
portable photo booth minimalist elegant event aesthetics,0,8,16.78,0.0
360 photo booth pics,0,8,10.7,0.0
polaroid pic size,0,8,1.0,0.0
is it photobooth or photo booth?,0,8,31.38,0.0
what to do with photo booth strips,0,7,10.83,0.0
strip photo,0,7,4.0,0.0
apa perbedaan photobooth dan photobox,0,7,2.92,0.0
strips size,1,7,1.0,14.286
photo booth word,0,7,11.17,0.0
photo booth with us,0,7,63.25,0.0
2 strip photobooth,0,7,1.29,0.0
photo booth rental for birthday party,0,7,25.25,0.0
photobooth chinese,0,7,2.57,0.0
photo strip booth near me,0,7,4.42,0.0
photo booth definition,0,7,45.71,0.0
photo booth film strip,0,7,2.57,0.0
photo booth name,0,7,22.43,0.0
what is photo booth strip,0,7,5.83,0.0
bridal shower photo booth,0,7,13.3,0.0
lost at sea photoshoot props,0,7,7.83,0.0
birthday party photo booth rental,0,7,40.83,0.0
strip foto,0,7,2.0,0.0
how to display photobooth strips,0,7,5.9,0.0
photo strip booth,0,7,15.67,0.0
photobooth or photo booth,0,7,1.57,0.0
polaroid photo size in inch,0,7,1.25,0.0
make a photo booth strip,0,7,51.92,0.0
polaroid picture frame photo booth,0,7,12.42,0.0
photobootj,0,7,4.0,0.0
mia booth,0,7,8.29,0.0
photo booth for parties,0,7,10.33,0.0
2x6 photo strip paper,0,7,1.5,0.0
photogray photobooth,0,7,1.5,0.0
photostrip sizes,0,7,1.86,0.0
virginia gardens park camera,0,7,8.92,0.0
picture photo booth,0,7,5.58,0.0
diy polaroid photo booth,0,7,21.0,0.0
picture booth rental,1,7,10.0,14.286
photobooth strip standard size 2 x 6 inches source,0,7,6.61,0.0
360 degree photo booth trends 2026,0,7,6.0,0.0
2 by 2 size,0,7,1.0,0.0
what is the standard size of a photobooth strip,0,7,2.58,0.0
"""photo booth"" arabic translation",0,7,2.0,0.0
ring roamer,0,7,32.25,0.0
measurements of photo booth strip,0,7,1.25,0.0
vintage photo booth miami,0,7,50.14,0.0
what is a 360 booth,0,7,53.42,0.0
display photo booth strips,0,7,9.83,0.0
photobooth photo strip,0,7,15.0,0.0
rental photo booth,0,7,29.0,0.0
coral springs photo booth,0,7,29.5,0.0
standard photostrip size,0,7,1.8,0.0
my event photo booth,0,7,39.58,0.0
photobooth in korean,0,7,2.57,0.0
photobooth definition,0,7,49.43,0.0
picture booth photos,0,6,55.83,0.0
photo booth business,0,6,8.4,0.0
what size is photo booth strips,1,6,2.75,16.667
photobox terdekat,0,6,3.6,0.0
photobooth background size,0,6,5.83,0.0
"family portraits in coral gables, fl",0,6,45.3,0.0
pica pica photobooth,0,6,7.75,0.0
photo booth rental in white plains ny,0,6,87.9,0.0
photo booth rental images,0,6,50.67,0.0
photobooth word,0,6,1.0,0.0
photoism size in cm,0,6,1.25,0.0
360 photo booth,0,6,7.62,0.0
mini photostrip size,0,6,3.67,0.0
2mp photo size,0,6,3.75,0.0
2by2 size,0,6,1.0,0.0
2 by 6 photo size,0,6,5.17,0.0
photobox dan photobooth apa bedanya,0,6,2.5,0.0
photobooth prop ideas,0,6,12.17,0.0
mia photo,0,6,4.5,0.0
photo booth rent,0,6,26.83,0.0
photo booth picture frame,0,6,7.0,0.0
photo booth in french,0,6,2.17,0.0
photo booth poses,0,6,6.17,0.0
props for photo booth ideas,0,6,31.83,0.0
rental photo booths,0,6,68.67,0.0
how to make photo booth frame,0,6,17.9,0.0
printed photo booth,0,6,1.0,0.0
polaroid photo dimensions,0,6,1.0,0.0
fotostreifen,0,6,8.0,0.0
photo booth prop display ideas,0,6,8.4,0.0
polaroid strip,0,6,8.8,0.0
360 photo booth images,0,6,10.5,0.0
meaning of photobooth,0,6,3.0,0.0
photo booth shots,0,6,6.33,0.0
photobooth name,0,6,17.5,0.0
booth size,0,6,23.67,0.0
booth image,0,6,2.0,0.0
what is the meaning of photo booth,0,6,3.0,0.0
what is the size of a polaroid picture,0,6,1.0,0.0
photo booth paper strips size,0,6,2.83,0.0
square photo booth,0,6,7.67,0.0
tulisan photo booth,0,6,2.6,0.0
photo booth frame measurements,0,6,5.25,0.0
photo booth medidas,1,6,2.0,16.667
strip photo frame,0,6,7.3,0.0
photo booth diy props,0,6,5.17,0.0
photo booth backdrop size,0,6,41.5,0.0
beda photobox dan photobooth,0,6,2.0,0.0
strip photobooth adalah,0,6,2.4,0.0
photo booth artinya,0,5,2.8,0.0
what size is a polaroid picture,0,5,1.0,0.0
high angle photobooth size,0,5,2.0,0.0
photobooth name ideas,0,5,2.75,0.0
photobooth options,0,5,21.4,0.0
hire a photo booth,0,5,74.38,0.0
hire photo booth,0,5,74.0,0.0
photobooth picture sizes,0,5,1.0,0.0
photobooth paper,0,5,2.0,0.0
photobooth size in feet,0,5,8.75,0.0
photobooth props,0,5,19.83,0.0
photobooth stripe,0,5,2.2,0.0
mia360,0,5,7.8,0.0
photobooth terdekat,0,5,3.2,0.0
photo booth rental for party,0,5,17.2,0.0
photos from photo booth,0,5,2.0,0.0
photostripe,0,5,1.4,0.0
miami photo,0,5,3.25,0.0
diy photo booth accessories,0,5,1.0,0.0
diy photo booth props birthday,0,5,14.0,0.0
polaroid cut out frame,0,5,18.2,0.0
polaroid photo booth film,0,5,1.0,0.0
polaroid size photo,0,5,1.75,0.0
photo booth print strips,0,5,32.0,0.0
photo booth printer,0,5,4.8,0.0
photo booth print,0,5,10.75,0.0
custom photo booth services,0,5,36.22,0.0
digital photo booth,0,5,8.2,0.0
rent my booth,0,5,44.2,0.0
myphotobooth,0,5,6.88,0.0
photo booth strip near me,0,5,3.8,0.0
como se llama la tira de fotos,0,5,2.0,0.0
como se llaman las tiras de fotos,0,5,2.2,0.0
size of 2 by 2 picture,0,5,1.0,0.0
size of polaroid picture,0,5,1.75,0.0
small photo booth rental,0,5,32.6,0.0
snapshot timezone,0,5,1.0,0.0
online photo booth rental,0,5,35.17,0.0
social gathering photo booth trends 2025 2026,0,5,7.0,0.0
social media photo booth rental,0,5,37.0,0.0
strip photography,0,5,3.12,0.0
strip photos,0,5,2.2,0.0
apartments in southeast gables fl,0,5,88.4,0.0
taille photobooth,0,5,1.67,0.0
telephone booth rental,0,5,4.6,0.0
backdrop size for photo booth,0,5,71.0,0.0
photo sizes south africa,0,5,1.5,0.0
photo booths near me,0,5,2.25,0.0
traditional photo booth,0,5,1.0,0.0
traffic photo booth,0,5,31.5,0.0
ukuran cetak photobooth,0,5,13.88,0.0
ukuran photobooth strip 6 foto,0,5,2.0,0.0
ukuran frame photobooth,0,5,7.0,0.0
vintage photo booth strips,0,5,18.62,0.0
wedding photo booth photos,0,5,3.4,0.0
photo booth for party rental,0,5,46.88,0.0
photo booth format,0,5,4.0,0.0
photo booth frame,0,5,9.75,0.0
what do you call the pictures that come out of a camera,0,5,1.0,0.0
2x2 picture size in percentage,0,5,1.0,0.0
2x2 id picture,0,5,1.25,0.0
photo booth for charity galas,0,5,26.0,0.0
what is the size of polaroid photo,0,5,1.0,0.0
photo booth ขนาด,0,5,1.2,0.0
فوتو بوث,0,4,4.0,0.0
صور كشك صغير,0,4,3.67,0.0
photo booths meaning,0,4,21.25,0.0
photo booth wedding rental,0,4,63.67,0.0
photo booth type pictures,1,4,3.25,25.0
photo booth companies,0,4,10.67,0.0
photo booth display,0,4,15.17,0.0
photo booth atau photobooth,0,4,2.75,0.0
2 2 frame size in cm,0,4,1.0,0.0
apa bedanya foto booth dan foto box,0,4,3.0,0.0
apa arti photo booth,0,4,3.0,0.0
photo booth international rent a photobooth,0,4,14.5,0.0
photo booth strip printer,0,4,4.0,0.0
photo booth strip pictures,0,4,15.67,0.0
photo strip size in canva,0,4,2.5,0.0
photo strip printer,0,4,5.5,0.0
ukuran standar photobooth,0,4,2.75,0.0
ukuran print photobooth,0,4,2.33,0.0
360 photo booth results,0,4,16.5,0.0
photo booth icon,0,4,4.75,0.0
ukuran photobooth 2 strip,0,4,2.33,0.0
ukuran kertas photobooth,0,4,3.25,0.0
ai photo booth miami,0,4,5.0,0.0
affordable photo booth,0,4,2.67,0.0
aeon photobooth,0,4,1.0,0.0
ukuran foto strip,0,4,10.75,0.0
tira de fotos,0,4,3.25,0.0
photo booth spanish,0,4,2.0,0.0
lease a photo booth,0,4,23.83,0.0
photobooth adalah,0,4,3.0,0.0
photobootg,0,4,8.25,0.0
photobook rental,0,4,7.17,0.0
how do you say photo booth in spanish,0,4,2.0,0.0
photobooth client gallery,0,4,42.0,0.0
photo booth land o lakes fl,0,4,19.25,0.0
phone photo booth,0,4,62.0,0.0
best way to display photo booth strips,0,4,1.33,0.0
best photobooth rental miami,0,4,9.25,0.0
photo booth names ideas,0,4,3.0,0.0
photo booth name ideas,0,4,2.25,0.0
perbedaan photobooth dan photo studio,0,4,2.75,0.0
bedanya foto box sama photo booth,0,4,3.0,0.0
bedanya foto booth dan foto box,0,4,2.75,0.0
strip foto adalah,0,4,2.75,0.0
stripe photobooth,0,4,1.25,0.0
photo booth roamer,0,4,35.17,0.0
photobooth in miami,0,4,11.67,0.0
photobooth in japanese,0,4,2.75,0.0
photobooth images,0,4,9.75,0.0
photo strips print,0,4,5.5,0.0
photo strips images,0,4,70.5,0.0
party camera,0,4,9.67,0.0
bedanya photobox dan photobooth,0,4,2.0,0.0
south florida photo booth,0,4,57.75,0.0
standard photo sizes for wallet storage -filetype:txt -filetype:pdf -filetype:epub -filetype:doc -filetype:docx -filetype:xls -filetype:xlsx -filetype:ppt -filetype:csv -site:youtube.com -site:tiktok.com -site:instagram.com -site:ebay.com -site:jd.com -site:amazon.com -site:iqiyi.com -site:bilibili.com -site:t.me -site:douyin.com -site:douban.com -site:apple.com -site:reddit.com -site:researchgate.net -site:academia.edu -site:dokumen.pub -site:en.wikipedia.org -site:quora.com -site:sciencedirect.com -site:cambridge.org -site:mdpi.com -site:link.springer.com -site:zhuanlan.zhihu.com -site:journals.sagepub.com -site:imdb.com -site:tandfonline.com -site:onlinelibrary.wiley.com -site:brill.com -site:getyourguide.com -site:academic.oup.com -site:www.emerald.com -site:eresources.nlb.gov.sg -site:www.govinfo.gov,0,4,13.0,0.0
classic photo booth dimensions,0,4,2.0,0.0
rent portable photo booth,0,4,28.0,0.0
gaya photobooth,0,4,5.0,0.0
meaning of photo booth,0,4,4.75,0.0
photobooth rentals miami,0,4,14.25,0.0
photobooth rent,0,4,5.0,0.0
frame photo booth,0,4,10.75,0.0
photobooth printer strips,0,4,3.25,0.0
photobooth boobs,0,4,2.5,0.0
photobooth for rent,0,4,35.67,0.0
selfie strip,0,4,2.75,0.0
roaming photobooth,1,4,23.5,25.0
photo booth photo strips,0,4,18.0,0.0
booth photos,0,4,1.5,0.0
booth strip,0,4,1.0,0.0
polaroid photobooth frame,0,4,10.0,0.0
polaroid photo size in inches,0,4,3.0,0.0
poser girl photobooth,0,4,5.25,0.0
miami beach,0,4,1.0,0.0
photobooth slips,0,4,1.83,0.0
photobooth means,0,4,1.0,0.0
glam photobooth rentals,0,4,20.25,0.0
custom photo booth,0,4,54.25,0.0
corporate event photo booth rental,0,4,9.0,0.0
mobile photobooth,1,4,46.0,25.0
mía photobooth,0,4,9.5,0.0
rent a photobooth,0,4,18.75,0.0
props in photo booth,0,4,48.67,0.0
props for a photo booth,0,4,36.25,0.0
pocketbooth app photo booth strips,0,4,7.67,0.0
polaroid photo frame prop,0,4,19.33,0.0
polaroid image size,0,4,1.0,0.0
photo booth props setup,0,4,5.0,0.0
cute size picture in cm,0,4,1.0,0.0
custom photobooth,0,4,53.0,0.0
flashbar photobooth photos,0,4,2.83,0.0
photomaton photos fun portraits cabine,0,4,5.0,0.0
photomaton,2,4,3.75,50.0
fort lauderdale photo booth rental,0,4,88.25,0.0
photo booth rental fort lauderdale fl,0,4,85.0,0.0
photo booth rental fort lauderdale,0,4,60.25,0.0
photo booth rental for events,0,4,44.33,0.0
photoshoot booth,0,4,2.25,0.0
photoshoot 360,0,4,17.75,0.0
photobooth service,0,4,50.0,0.0
diy photoshoot props,0,4,7.33,0.0
miss photo booth,0,4,52.5,0.0
mirror photo booth miami,0,4,51.25,0.0
mini photo strip size in cm,0,4,2.0,0.0
picture of photo booth,0,4,7.5,0.0
picture of a photo booth,0,4,10.5,0.0
picture frame for photo booth strips,0,4,5.75,0.0
picaphotobooth,0,4,8.0,0.0
fotobox,0,4,2.0,0.0
foto box,0,4,2.17,0.0
photobooth style prints,0,4,5.75,0.0
photo booth chinese,0,4,1.67,0.0
photo paper for photo booth,0,4,1.0,0.0
images of 360 photo booth,0,4,17.67,0.0
illuminate photo booth,0,4,39.83,0.0
photo box dimensions,0,4,22.0,0.0
how to make props at home,0,4,12.0,0.0
what does your photo booth,0,4,12.0,0.0
photo boot,0,4,8.5,0.0
what do you call the picture that comes out of a camera,0,4,1.0,0.0
what do you call the photo that comes out of a camera,0,4,1.0,0.0
what are the photos that come out of cameras called,0,4,1.0,0.0
photo booth camera,0,4,6.67,0.0
photo booth camera rental,0,4,25.25,0.0
photo booth cerca de mi,0,3,25.0,0.0
ขนาดphoto booth,0,3,1.0,0.0
photo and video booth rental,0,3,51.67,0.0
photo bokth,0,3,8.5,0.0
photo boooth,0,3,5.75,0.0
photo bootg,0,3,7.0,0.0
photo booth 4 pictures,0,3,9.67,0.0
360 photo booth business names,0,3,2.0,0.0
what are photobooth pictures called,0,3,1.0,0.0
walgreens photo booth strip,0,3,4.33,0.0
2x2 picture size in,0,3,1.0,0.0
what is a photo booth?,0,3,1.0,0.0
2x6 photo strips,0,3,1.0,0.0
image strip,0,3,2.0,0.0
in inches,0,3,4.33,0.0
photo prop,0,3,1.0,0.0
photo booth that prints strips,0,3,11.0,0.0
is it photo booth or photobooth,0,3,30.33,0.0
is it photo booth or photobooth?,0,3,32.75,0.0
photobooth swiss portrait lyrics meaning,0,3,1.0,0.0
picture 2x2 size,0,3,1.0,0.0
mini photo booth,0,3,8.25,0.0
mini strips size,0,3,4.0,0.0
photostrip ukuran berapa,1,3,1.5,33.333
photobooth shoot,0,3,2.67,0.0
photobooth shot,0,3,3.67,0.0
fotos de cabina fotografica,0,3,2.0,0.0
photostrip photobooth,0,3,34.33,0.0
mia mirror booth,0,3,29.0,0.0
photobooths near me,0,3,10.33,0.0
photocall définition,0,3,5.33,0.0
photobooth stripes,0,3,3.67,0.0
photomaton dimension photo,0,3,4.0,0.0
photos booth,0,3,34.33,0.0
custom photo booth strip,0,3,8.33,0.0
custom photo booths,0,3,70.5,0.0
polaroid size in cm,0,3,1.33,0.0
photo booth prop holder ideas,0,3,10.0,0.0
polaroid frame prop,0,3,25.67,0.0
polaroid photo booth diy,0,3,16.67,0.0
polaroid photo prop frame,0,3,10.0,0.0
picture strip,0,3,2.33,0.0
polaroid dimensions,0,3,1.0,0.0
diy polaroid photo frame,0,3,34.67,0.0
photo booth pictures name,0,3,1.0,0.0
my photo booth experience,0,3,47.67,0.0
mobile photo booth rental,0,3,4.67,0.0
photo booth price,0,3,9.0,0.0
corporate photo booth,0,3,21.0,0.0
photobooth materials,0,3,23.33,0.0
photobooth one word or two,0,3,33.67,0.0
photobooth types,0,3,4.0,0.0
photobooth vendors,0,3,7.33,0.0
photobooth slip,0,3,2.0,0.0
photobooth stick,0,3,2.67,0.0
photobooth strip measurements,0,3,1.25,0.0
photobooth strip template,0,3,9.33,0.0
miami booth,0,3,1.67,0.0
photo booth rental hollywood,0,3,74.0,0.0
"photo booth rental in miami, fl -site:indeed.com -site:instagram.com -site:wikipedia.org -site:linkedin.com -site:bark.com -site:facebook.com/groups",0,3,8.0,0.0
photobooth series,0,3,1.0,0.0
"portrait photography in coral gables, fl",0,3,72.0,0.0
booth images,0,3,6.5,0.0
booths photos,0,3,11.67,0.0
roamer photo booth baltimore md,0,3,60.33,0.0
camera booth,0,3,5.67,0.0
camera booth rental,0,3,16.67,0.0
camera photo booth,0,3,9.33,0.0
camera strip,0,3,1.67,0.0
photobooth for events,0,3,6.33,0.0
photobooth for rental,0,3,21.67,0.0
photobooth size in canva,0,3,2.0,0.0
photobooth props ideas,0,3,20.5,0.0
photobooth reference,0,3,6.0,0.0
photobooth sama photobox apa bedanya,0,3,2.75,0.0
life four cuts size,0,3,1.67,0.0
photobooth print,0,3,4.0,0.0
renting photo booth,0,3,42.0,0.0
roam photobooth,0,3,45.0,0.0
strip club photo booth,0,3,3.0,0.0
birthday party photo booth,0,3,3.5,0.0
bisnis photobooth,0,3,5.5,0.0
black and white photo booth hire,0,3,6.67,0.0
spotlight photobooth,0,3,9.33,0.0
new funny diy photo props,0,3,40.75,0.0
size of polaroid photo,0,3,1.5,0.0
size of polaroid picture in cm,0,3,1.0,0.0
photo booth strip ideas,0,3,17.33,0.0
photo stripes,0,3,2.0,0.0
how big is a photo booth picture,0,3,2.0,0.0
photobooth image,0,3,36.67,0.0
photobooth image size,0,3,3.25,0.0
photo booth rentals college park,0,3,12.0,0.0
photo booth size in feet,0,3,1.33,0.0
photobooth dan photobox apa bedanya,0,3,3.0,0.0
photobooth def,0,3,2.0,0.0
photobooth description,0,3,2.0,0.0
size ảnh photobooth là bao nhiêu,0,3,2.0,0.0
size of photo strip in cm,0,3,2.0,0.0
boot foto,0,3,3.5,0.0
booth,0,3,2.0,0.0
strips photo,0,3,2.67,0.0
balck and white photobooth rental,0,3,61.0,0.0
strip gallery,0,3,1.0,0.0
strip magnet photobooth,0,3,3.0,0.0
passport photo booth,0,3,65.67,0.0
photo booth one word or two,0,3,75.33,0.0
photo booth p,0,3,1.0,0.0
apa bedanya photobooth sama photobox,0,3,3.25,0.0
traditional photo sizes,0,3,11.0,0.0
types of photo booths,0,3,2.0,0.0
uk polaroid 2r,0,3,1.0,0.0
photo booth kiralama,0,3,29.75,0.0
perbedaan photobox dan photo studio,0,3,3.0,0.0
personal photo booth,0,3,44.67,0.0
phone booth rental wedding,0,3,35.67,0.0
arti foto booth,0,3,3.0,0.0
arti photo booth,0,3,2.67,0.0
"i am a 35-44, 45-54, or 55-64 year old female. my main motivations: they cherish a human connection above all. after years of living in the city, they’ve learned that the secret to happiness is building a community of like-minded individuals and spreading the love. they care about community building, sustainability, and giving back. family and friends are hugely important to them. they are motivated by bringing people together - in their homes and communities. they’re creative and caring, and are inspired by close connections with the people around them. my main pain points: - i have no need to buy anything - i’m happy with the websites i use at the moment - i don’t have a need for the items they sell - at the moment i have less money to spend on non-essentials - the products are expensive - unsure about the quality of products i'm looking for a set of custom photo booth props for a party. find me some options.",0,3,6.33,0.0
photo strip display,0,3,18.0,0.0
photo strip frames,0,3,7.67,0.0
photo strip ideas,0,3,6.67,0.0
photo studio rental miami fl,0,3,68.67,0.0
photo.booth,0,3,11.67,0.0
photo.booth rental,0,3,7.0,0.0
photo booth slip,0,3,1.0,0.0
photo booth stand rental,0,3,51.0,0.0
the photo booth,0,3,6.0,0.0
timezone photobooth size,0,3,4.0,0.0
tiras de foto,0,3,2.33,0.0
ukuran foto photo booth,0,3,34.67,0.0
aeon mall photo booth,0,3,1.0,0.0
photo booth ideas props,0,3,15.33,0.0
photo booth in japanese,0,3,3.0,0.0
photo booth in malay,0,3,2.67,0.0
4 strip photobooth,0,3,1.33,0.0
photo strip picture frame,0,3,5.33,0.0
how to make a picture frame for photo booth,0,3,23.33,0.0
how to make a polaroid picture frame,0,3,38.0,0.0
is photobooth one word,0,3,69.25,0.0
photo booth strip size canva,0,3,1.5,0.0
photo booth stripe,0,3,1.67,0.0
photo booth strips near me,0,3,7.25,0.0
photo size standard,0,3,32.0,0.0
apa beda nya photobooth dan photobox,0,3,2.33,0.0
كشك تصوير,0,3,6.33,0.0
yes,0,3,6.33,0.0
photo booth custom,0,3,56.67,0.0
photo booth backdrop rental,0,3,8.0,0.0
photo booth for bridal showers,0,3,14.33,0.0
what size are photobooth pictures,0,3,1.33,0.0
2 mp image size,0,3,5.25,0.0
what does a 2x2 picture look like,0,3,2.67,0.0
what does photo booth mean?,0,3,2.0,0.0
2 x 2 id picture,0,3,1.0,0.0
2*2 picture size,0,3,1.0,0.0
what to do with photobooth strips,0,3,11.67,0.0
бумеранг фото как сделать,0,3,3.0,0.0
photo ooth,0,2,7.5,0.0
"""فوتوبوث"" arabic",0,2,2.0,0.0
photo booth photos strip,0,2,16.5,0.0
(inurl:photo) maim,0,2,6.0,0.0
yes please,0,2,11.5,0.0
photobooth printer,0,2,5.5,0.0
photoboothrental,0,2,75.5,0.0
fotoautomat streifen,0,2,4.0,0.0
open air photo booth rental,0,2,19.5,0.0
معنى فوتوبوث,0,2,2.5,0.0
how to make photo frame for photo booth,0,2,21.5,0.0
photo booth strip frame template,0,2,9.0,0.0
كشك الصور,0,2,3.0,0.0
photobooth icon,0,2,3.5,0.0
how to make photo booth props on canva,0,2,1.0,0.0
photo photo booth,0,2,44.0,0.0
photo booth stickers,0,2,2.5,0.0
photobooth dan photobox,0,2,2.0,0.0
miu miu photobooth,0,2,40.5,0.0
1,0,2,4.5,0.0
graduation photo prop ideas,0,2,1.0,0.0
photo booth south florida,0,2,52.5,0.0
photobooth traduction,0,2,2.5,0.0
how to make a photo booth picture frame,0,2,33.5,0.0
fotomaton,0,2,4.0,0.0
photo booth business names,0,2,3.0,0.0
fotokabine,0,2,7.5,0.0
large polaroid frame for photo booth,0,2,11.0,0.0
photo booth border,0,2,7.0,0.0
photobooth company,0,2,6.5,0.0
how to make a large picture frame for photo booth,0,2,27.5,0.0
how to make a frame for photo booth,0,2,21.0,0.0
photobooth clipart,0,2,7.0,0.0
kata kata photo booth,0,2,4.0,0.0
kamera photobooth,0,2,4.5,0.0
photobooth shell,0,2,8.0,0.0
photo booth picture strips,0,2,32.0,0.0
photo frame for photo booth strip,0,2,6.0,0.0
how to frame photo booth strips,0,2,13.5,0.0
how do i convert my photos to polaroids?,0,2,1.0,0.0
how do 360 photo booths work,0,2,10.5,0.0
photo booth atau photobox,0,2,3.0,0.0
photo station rental,0,2,6.0,0.0
photo booth artinya dalam bahasa indonesia,0,2,2.5,0.0
more,0,2,5.5,0.0
photobooth medidas,0,2,1.0,0.0
photo booth apa,0,2,3.0,0.0
is photo booth one word or two,0,2,61.5,0.0
photo booth strip prints,0,2,19.5,0.0
monkey poses photobooth,0,2,1.0,0.0
photobooth session,0,2,1.0,0.0
photobooth sign,0,2,4.0,0.0
glam photo booth rentals,0,2,53.0,0.0
photo booth timezone,0,2,1.0,0.0
photobooth shots,0,2,2.0,0.0
photobooth film strip,0,2,18.0,0.0
photobooth picture strip,0,2,2.0,0.0
photo roamer,0,2,6.0,0.0
mirror photo booth,0,2,2.5,0.0
photobooth aeon,0,2,1.0,0.0
mini retro print size,0,2,4.0,0.0
hasil photobooth namanya apa,0,2,3.0,0.0
mini photo strips,0,2,5.5,0.0
mini photo strip,0,2,2.0,0.0
photo booth tental,0,2,7.0,0.0
photo booth rental birthday party,0,2,54.0,0.0
photo booth remtal,0,2,4.0,0.0
photo booth en español,0,2,2.5,0.0
hasil photo booth,0,2,2.0,0.0
photo booth ramayana depok,0,2,3.5,0.0
photo booth hire corby,0,2,79.5,0.0
"photo booth hire company in hialeah, fl -site:indeed.com -site:instagram.com -site:wikipedia.org -site:linkedin.com -site:bark.com -site:facebook.com/groups",0,2,8.0,0.0
photo booth hire company,0,2,54.5,0.0
photobooth 18 ans,0,2,4.0,0.0
photobootb,0,2,7.5,0.0
photo booth props printable,1,2,5.5,50.0
mia photos,0,2,3.0,0.0
mia fotografia,0,2,13.0,0.0
photobooth timezone,0,2,1.0,0.0
photo booth for pictures,0,2,2.0,0.0
ideas for photo props,0,2,18.0,0.0
photoboooth,0,2,10.0,0.0
photobooth strip photo,0,2,2.5,0.0
photo booth for corporate events,0,2,41.0,0.0
photobooth time,0,2,1.0,0.0
photo booth rental for birthday,0,2,87.5,0.0
photobooth en español,0,2,2.0,0.0
photo booth rental event,0,2,7.0,0.0
ipad photo booth rental,0,2,97.0,0.0
photobooth rental companies on-demand last-minute bookings,0,2,5.5,0.0
photo-booth,0,2,41.5,0.0
photbooth near me,0,2,8.5,0.0
photbooth,0,2,5.0,0.0
photobooth.,0,2,6.5,0.0
how to make a photo frame for photo booth,0,2,21.0,0.0
photobooth strip drawing,0,2,10.0,0.0
how to take boomerang photo,0,2,1.0,0.0
photobooth strip album book,0,2,7.5,0.0
how much is a photo booth picture,0,2,3.5,0.0
manchon photo,0,2,2.0,0.0
photobooth strap,0,2,4.0,0.0
phone booth wedding rental,0,2,16.5,0.0
make your own photo props,0,2,14.5,0.0
photo stri[,0,2,9.5,0.0
photo stips,0,2,3.5,0.0
how big is 2x2 picture,0,2,1.0,0.0
phone booth images,0,2,6.0,0.0
photobooth ti,0,2,1.0,0.0
photobooth pernikahan,0,2,1.0,0.0
fun wedding props,0,2,1.0,0.0
how to make props for pre wedding shoot,0,2,49.5,0.0
"photo booth in miami, florida -site:indeed.com -site:instagram.com -site:wikipedia.org -site:linkedin.com -site:bark.com -site:facebook.com/groups",0,2,12.0,0.0
hire photo booths,0,2,56.5,0.0
hire my selfie,0,2,80.5,0.0
photo booth in korean,0,2,3.0,0.0
photoboothing,0,2,3.5,0.0
photo booth with photographer,0,2,60.5,0.0
photobooth stand,0,2,5.0,0.0
foto photo booth,0,2,8.0,0.0
life4cuts size,0,2,3.0,0.0
photobooth atau photobox,0,2,2.5,0.0
photobooth area,0,2,2.0,0.0
photo strip camera,0,2,5.0,0.0
fotobox drucker,0,2,2.0,0.0
is it photobooth or photo booth,0,2,32.5,0.0
is 2x3 passport size,0,2,1.0,0.0
photo booth mkg,0,2,6.0,0.0
photo strip booth rental,1,2,2.0,50.0
photo booth rental pembroke pines,0,2,49.5,0.0
ideas for props,0,2,12.5,0.0
photobooth photo strips,0,2,8.0,0.0
photo booth rental online,0,2,43.0,0.0
foto booth artinya,0,2,3.0,0.0
how to make a polaroid frame,0,2,39.0,0.0
photo booth sama photobox apa bedanya,0,2,2.5,0.0
photobooth ukuran berapa,0,2,2.0,0.0
photo both rental,0,2,5.5,0.0
photo booth rentsl,0,2,8.0,0.0
photobooth sluts,0,2,9.5,0.0
photo booth rentals in my area,0,2,25.0,0.0
frame photo booth strips,0,2,1.0,0.0
photobooth center point,0,2,1.0,0.0
photo strip photo booth rental,0,2,6.5,0.0
photo booth newspaper,0,2,4.0,0.0
photo booths rentals,0,2,5.0,0.0
photo strip paper,0,2,3.5,0.0
fotos fotomaton,0,2,3.5,0.0
photo booths for weddings,0,2,17.0,0.0
photobooth nashallery,0,2,9.0,0.0
fotos de fotomaton,0,2,2.0,0.0
frame for photo booth strip,0,2,5.0,0.0
photobooth business names,0,2,3.0,0.0
nashallery photobooth,0,2,11.0,0.0
kích thước photobooth,0,2,5.0,0.0
photo booth photo strip frame,0,2,10.0,0.0
kích thước photo booth,0,2,1.5,0.0
photo booth photo booth,0,2,3.5,0.0
korean photo booth,0,2,1.0,0.0
how to print photo booth strips at walgreens,0,2,1.0,0.0
four poses photobooth toronto,0,2,10.0,0.0
photobooth sleeve,0,2,5.0,0.0
h2hstyle.com photo booth,0,2,11.0,0.0
photo strips photo booth near me,0,2,5.5,0.0
party photo booth rentals,0,2,7.0,0.0
photo strips near me,0,2,3.0,0.0
photo booth picture frames,0,2,5.0,0.0
fofobooth,0,2,10.0,0.0
photo strips adalah,0,2,3.0,0.0
how to describe photo booth,0,2,12.0,0.0
photog booth,0,2,7.0,0.0
photobox sama photobooth apa bedanya,0,2,3.0,0.0
photoism size,0,2,1.0,0.0
photography studio rental miami,0,2,86.0,0.0
photonooth,0,2,5.0,0.0
phoyo booth,0,2,4.0,0.0
phototbooth,0,2,9.5,0.0
photostrip meaning,0,2,1.0,0.0
photostrip holder,0,2,7.5,0.0
photostrip ebuzzpro com,0,2,5.5,0.0
photostrip adalah,0,2,2.5,0.0
evo hotel photo booth,0,2,1.0,0.0
event photobooth,0,2,2.0,0.0
evaluate the immersive design capabilities of premium photo booth services in miami.,0,2,9.0,0.0
esteem photo booth rentals,0,2,30.5,0.0
enhypen photobooth,0,2,1.0,0.0
echirolles,0,2,6.0,0.0
picture of strips,0,2,2.0,0.0
pica photobooth,0,2,7.5,0.0
diy photo booth polaroid,0,2,30.5,0.0
picture strip template,0,2,6.5,0.0
polariod photo size,0,2,1.0,0.0
polariod dimensions,0,2,1.0,0.0
podium photobooth,0,2,5.0,0.0
polaroid photo dimension,0,2,1.0,0.0
polaroid frame size,0,2,1.0,0.0
polaroid frame photobooth,0,2,9.0,0.0
polaroid frame diy,0,2,33.0,0.0
polaroid diy frame,0,2,29.0,0.0
dipp photo booth,0,2,30.0,0.0
dimensions photomaton,0,2,3.5,0.0
dimension photo photomaton,0,2,1.5,0.0
customize photo booth props,0,2,37.0,0.0
custom photo props,0,2,53.5,0.0
polaroid photo size inches,0,2,2.0,0.0
polaroid photo prop,0,2,16.5,0.0
pollard photo size,0,2,1.0,0.0
polaroid strips,0,2,2.5,0.0
polaroid standard size,0,2,3.0,0.0
polaroid prop frame,0,2,17.0,0.0
polaroid print size,0,2,1.0,0.0
polaroid pictures size,0,2,1.0,0.0
corporate event photo booth trends 2025 2026,0,2,7.5,0.0
pop up photo booth rental,0,2,16.5,0.0
poto booth,0,2,8.5,0.0
pose booth,0,2,6.0,0.0
prom photo booth rental,0,2,23.0,0.0
print photobooth,0,2,7.5,0.0
print photo strips,0,2,3.0,0.0
print photo booth style photos,0,2,37.5,0.0
props photo booth,0,2,1.0,0.0
props para fotos,0,2,21.0,0.0
props for photo booth,0,2,44.0,0.0
rent photobooth,0,2,51.5,0.0
rent photo booth for party,0,2,27.5,0.0
rent a selfie station,0,2,38.5,0.0
cheap photo booth rental,0,2,9.0,0.0
rental booth,0,2,52.0,0.0
rentable photo booths,0,2,10.0,0.0
rentable photo booth,0,2,27.5,0.0
rent picture booth,0,2,27.5,0.0
roamer photo booth for sale,0,2,46.0,0.0
retro photo size,0,2,1.0,0.0
claim your strip,0,2,6.0,0.0
cafe photobooth,0,2,1.0,0.0
roaming photo booth rental,0,2,9.0,0.0
si,0,2,17.5,0.0
show me realistic features of a polaroid frame,0,2,3.5,0.0
sewa photo booth,0,2,66.5,0.0
bridal shower photobooth,0,2,9.0,0.0
boothtique,0,2,7.0,0.0
boothify free online photo booth strips,0,2,8.0,0.0
size 2x2,0,2,1.0,0.0
simple booth on rent a photobooth,0,2,17.5,0.0
booth services,0,2,2.5,0.0
booth pic,0,2,5.5,0.0
booth ka photo,0,2,3.5,0.0
"business portrait photography coral gables, fl",0,2,83.5,0.0
sketch photo booth,0,2,9.5,0.0
size photobooth strip,0,2,2.0,0.0
booth fotos,0,2,5.0,0.0
booth box,0,2,3.0,0.0
small photobooth,0,2,9.5,0.0
best photo booth rentals,0,2,62.5,0.0
best photo booth props,0,2,53.0,0.0
"""book of life"" photo booth sign",0,2,2.0,0.0
social photo booth,0,2,3.0,0.0
standard photo booth backdrop size,0,2,14.5,0.0
square photo booth frame,0,2,1.0,0.0
best photobooth rental packages for weddings under $1200,0,2,10.5,0.0
best photobooth near miami,0,2,12.0,0.0
best photo booth rentals college park,0,2,12.0,0.0
beda nya photobooth dan photobox,0,2,2.0,0.0
beda foto booth dan photobox,0,2,3.0,0.0
bay photo,0,2,3.5,0.0
bande photo,0,2,2.5,0.0
strip camera,0,2,1.5,0.0
sticker photo booth,0,2,6.0,0.0
sticker for photobooth,0,2,5.5,0.0
backdrop,0,2,40.5,0.0
audio guestbook rental,0,2,5.0,0.0
strip photo booth rental,0,2,10.0,0.0
strip of photos,0,2,19.5,0.0
strip images,0,2,2.0,0.0
strip picture,0,2,2.5,0.0
strip pics,0,2,9.0,0.0
backdrops,0,2,32.5,0.0
apa itu photobooth dan photobox,0,2,3.0,0.0
apa itu photobooth,0,2,3.0,0.0
telephone booth rental wedding,0,2,47.5,0.0
studio photo booth,0,2,8.5,0.0
audio guestbook phonebooth hire,0,2,37.5,0.0
the strip club photobooth studio,0,2,11.0,0.0
the event roamer,0,2,20.0,0.0
apa beda photobox dan photobooth,0,2,3.0,0.0
american photo booth,0,2,41.0,0.0
tiras de fotos antiguas,0,2,2.0,0.0
tiras de fotomaton,0,2,5.5,0.0
turn pictures into photo booth strip,0,2,55.0,0.0
tulisan photobooth,0,2,3.0,0.0
traditional photobooth,0,2,32.0,0.0
tiras fotograficas,0,2,2.0,0.0
ai photo booth for events,0,2,13.0,0.0
ukuran cetak foto photobooth,0,2,2.5,0.0
types of photobooths,0,2,2.5,0.0
360 photo example,0,2,53.5,0.0
360 photo booth size,0,2,8.0,0.0
360 photo booth san diego,0,2,10.0,0.0
ukuran kertas photobox,0,2,8.0,0.0
ai photo booth trends 2026,0,2,6.5,0.0
unique photo booth names,0,2,2.5,0.0
ukuran spanduk photo booth,0,2,5.5,0.0
ukuran photobooth strip 4 foto,0,2,1.0,0.0
360 photo booth photo,0,2,18.5,0.0
360 photo booth how it works,0,2,10.5,0.0
vintage photo booth,0,2,1.5,0.0
360 degree photo booth trends 2025 2026,0,2,8.0,0.0
360 camera rental for wedding,0,2,7.0,0.0
3 strip photobooth,0,2,1.0,0.0
2×2 picture size in cm,0,2,2.0,0.0
walgreens photo strip size,0,2,1.0,0.0
what,0,2,2.0,0.0
wedding photobooth,0,2,10.0,0.0
wedding phone booth rental,0,2,40.5,0.0
2x6 photo strip printer,0,2,7.0,0.0
what are the photos,0,2,1.0,0.0
what are photo props,0,2,72.5,0.0
2x2 pic size,0,2,1.0,0.0
what does photo booth mean,0,2,2.0,0.0
what is polaroid photo size,0,2,1.0,0.0
2x2 photo id,0,2,1.0,0.0
2x2 id photo,0,2,1.0,0.0
2by2,0,2,3.0,0.0
2*6 photo size,0,2,5.5,0.0
what is the size of 2 by 2 picture,0,2,1.0,0.0
what size are photos,0,2,47.5,0.0
what themes are popular for kids' photo booth backdrops?,0,2,33.5,0.0
what the size of 2x2 picture,0,2,1.0,0.0
what size is a photo,0,2,1.0,0.0
where can i print something near me,0,2,8.5,0.0
width and height,0,2,6.0,0.0
"who offers warranties, support, and spare parts for commercial photo booths?",0,2,3.5,0.0
where to print photo strips,0,2,3.0,0.0
2 by 4 photo size,0,2,4.0,0.0
yourcityphotobooth,0,2,27.5,0.0
الفوتو بوث,0,2,2.0,0.0
фото из фотобудки,0,2,2.0,0.0
фотки в фотобудке,0,2,5.0,0.0
moonbox flushing,0,1,5.0,0.0
moodshot korean photobooth,0,1,2.0,0.0
monkey pose photobooth,0,1,5.0,0.0
mong photobooth,0,1,2.0,0.0
model photo booth,0,1,3.0,0.0
modal usaha foto box,0,1,3.0,0.0
mocha photobooth,0,1,1.0,0.0
"""photo booth mini"" app photo booth strips",0,1,2.0,0.0
miami camera rentals,0,1,43.0,0.0
miss 360,0,1,1.0,0.0
minimalist photo booth rental companies,0,1,5.0,0.0
mini photo strips size,0,1,1.0,0.0
photo booth rental boca raton,0,1,98.0,0.0
photo booth reel,0,1,3.0,0.0
photo booth quotes,0,1,2.0,0.0
photo booth pussy,0,1,11.0,0.0
memory board for celebration of life,0,1,2.0,0.0
meme photobooth,0,1,1.0,0.0
meme photo booth,0,1,1.0,0.0
photo booth rental for wedding near me,0,1,9.0,0.0
photo booth rental for quinceanera,0,1,90.0,0.0
photo booth rental florida,0,1,64.0,0.0
photo booth rental egypt fl,0,1,89.0,0.0
photo booth rental deals,0,1,7.0,0.0
minecraft photobooth layout,0,1,4.0,0.0
mihi photo booth,0,1,32.0,0.0
mias 360,0,1,5.0,0.0
miaphoto,0,1,1.0,0.0
photo booth rental near me instant prints wedding,0,1,5.0,0.0
mei photobooth,0,1,11.0,0.0
materials for photo booth,0,1,16.0,0.0
mall photo booth,0,1,1.0,0.0
make a photobooth strip,0,1,1.0,0.0
majestic photo booth,0,1,27.0,0.0
magnetic photo booth frames,0,1,28.0,0.0
magazine photo booth size,0,1,2.0,0.0
magazine photo booth for sale,0,1,2.0,0.0
magazine photo booth dimensions,0,1,3.0,0.0
photo booth rental lakeland,0,1,53.0,0.0
photo booth rental in fort lauderdale,0,1,83.0,0.0
photo booth rental in florida,0,1,56.0,0.0
miami,0,1,1.0,0.0
lolita photo booth,0,1,2.0,0.0
location photobooth,0,1,41.0,0.0
lion's den fort pierce,0,1,4.0,0.0
life 4 cuts size,0,1,1.0,0.0
lemonbooth,0,1,9.0,0.0
lemon booth,0,1,5.0,0.0
photo booth rental usa,0,1,57.0,0.0
photo booth rental trends 2026,0,1,12.0,0.0
photo booth rental services,0,1,88.0,0.0
photo booth rental pricing,0,1,13.0,0.0
photo booth rental palm river fl,0,1,78.0,0.0
photo booth rental packages,0,1,56.0,0.0
photo booth rental ocala fl,0,1,83.0,0.0
photo booth screen,0,1,4.0,0.0
photo booth roll,0,1,23.0,0.0
photo booth replacement parts,0,1,8.0,0.0
photo booth renting,0,1,46.0,0.0
photo booth rentals for parties,0,1,97.0,0.0
photo booth rental.,0,1,6.0,0.0
photo booth rental with on-site attendant and instant social sharing,0,1,2.0,0.0
magazine cover photo booth,0,1,6.0,0.0
luxury photo booth rental,0,1,5.0,0.0
luxury photo booth,0,1,5.0,0.0
louer photomaton,0,1,80.0,0.0
louer photobooth,0,1,77.0,0.0
long term leasing photo booth,0,1,25.0,0.0
kích thước ảnh photobooth,0,1,1.0,0.0
kích thước photostrip,1,1,1.0,100.0
konsep photo booth,0,1,1.0,0.0
kmart photo strips,0,1,11.0,0.0
kl east photobooth,0,1,3.0,0.0
kisses on cheek,0,1,3.0,0.0
kissco photo booth,0,1,11.0,0.0
keychain photobooth,0,1,9.0,0.0
photo booth session,0,1,37.0,0.0
photo booth services near me,0,1,5.0,0.0
photo booth series,0,1,1.0,0.0
photo booth seperti apa,0,1,3.0,0.0
photo booth selfie time,0,1,3.0,0.0
photo booth strip online,0,1,11.0,0.0
photo booth strip holder,0,1,5.0,0.0
photo booth strip drawing,0,1,3.0,0.0
photo booth strip display,0,1,18.0,0.0
photo booth store,0,1,7.0,0.0
photo booth stick props,0,1,8.0,0.0
photo booth spinner rental,0,1,97.0,0.0
photo booth solo paragon,0,1,2.0,0.0
photo booth sluts,0,1,11.0,0.0
leasing photo booth,0,1,29.0,0.0
last minute photo booth rental,0,1,3.0,0.0
large photo booth,0,1,12.0,0.0
keopic photos,0,1,4.0,0.0
keopic photo booth cp,0,1,4.0,0.0
kd photo,0,1,7.0,0.0
jumbo photobooth,0,1,5.0,0.0
jujutsu kaisen photobooth,0,1,2.0,0.0
jonas photo,0,1,4.0,0.0
joker photo booth,0,1,4.0,0.0
jjk photobooth,0,1,2.0,0.0
is this hd,0,1,6.0,0.0
is there any thing,0,1,2.0,0.0
photo booth strip png,0,1,11.0,0.0
photo booth strip picture frame,0,1,3.0,0.0
photo booth to,0,1,9.0,0.0
photo booth thrissur,0,1,1.0,0.0
photo booth thing,0,1,1.0,0.0
photo booth that prints pictures,0,1,2.0,0.0
photo booth thane,0,1,4.0,0.0
photo booth terdekat dari lokasi saya,0,1,4.0,0.0
photo booth terdekat,0,1,2.0,0.0
photo booth template,0,1,37.0,0.0
photo booth supply co,0,1,2.0,0.0
photo booth supermarket,0,1,2.0,0.0
photo booth sun plaza,0,1,3.0,0.0
photo booth subang,0,1,4.0,0.0
photo booth style photos,0,1,57.0,0.0
photo booth strips online,0,1,11.0,0.0
iphotobooth,0,1,2.0,0.0
ipad photobooth shell replacement,0,1,9.0,0.0
interactive photo booths popular trends,0,1,2.0,0.0
instax mini print size,0,1,3.0,0.0
instant print photo booth,0,1,15.0,0.0
instagrammable photo booth,0,1,46.0,0.0
instagram instant photos,0,1,14.0,0.0
inside out photo booth,0,1,7.0,0.0
inside of photo booth,0,1,1.0,0.0
inside of a photobooth,0,1,2.0,0.0
photo booth trends 2025 2026,0,1,9.0,0.0
photo booth translate,0,1,3.0,0.0
photo booth to rent for wedding,0,1,22.0,0.0
photo booth to rent,0,1,64.0,0.0
photo booth to make memories,0,1,70.0,0.0
photo booths for rent,0,1,7.0,0.0
photo booth.com,0,1,10.0,0.0
photo booth.,0,1,1.0,0.0
photo booth words,0,1,1.0,0.0
photo booth wooden frame,0,1,33.0,0.0
photo booth with prints,0,1,9.0,0.0
photo booth with guest book,0,1,5.0,0.0
photo booth wall,0,1,4.0,0.0
photo booth video,0,1,11.0,0.0
photo booth vendors,0,1,2.0,0.0
photo booth vendor,0,1,10.0,0.0
photo booth tunjungan plaza,0,1,2.0,0.0
is 2 by 2 and passport size the same,0,1,1.0,0.0
photo bus rental,0,1,5.0,0.0
photo box terdekat,0,1,3.0,0.0
photo box size,0,1,31.0,0.0
photo box event,0,1,12.0,0.0
photo box,0,1,2.0,0.0
photo booty,0,1,2.0,0.0
photo bootn,0,1,13.0,0.0
photo bootj,0,1,5.0,0.0
photo booths to rent for parties,0,1,11.0,0.0
photo booths rental,0,1,2.0,0.0
photo booths props,0,1,1.0,0.0
photo booths for sale,0,1,2.0,0.0
photo booths for rental,0,1,52.0,0.0
ini ukuran berapa?,0,1,2.0,0.0
ini siapa,0,1,7.0,0.0
in words only,0,1,3.0,0.0
in width and height,0,1,2.0,0.0
in px,0,1,2.0,0.0
in inglese?,0,1,1.0,0.0
in inch,0,1,2.0,0.0
in cm,0,1,2.0,0.0
imágenes de casetas,0,1,5.0,0.0
imprimir fotos tipo fotomaton,0,1,5.0,0.0
images please,0,1,2.0,0.0
image of a phone booth,0,1,4.0,0.0
photo film strip,0,1,3.0,0.0
photo dimension,0,1,3.0,0.0
photo cabin,0,1,10.0,0.0
photo buth,0,1,3.0,0.0
photo print near me,0,1,10.0,0.0
photo op props,0,1,14.0,0.0
mlp photo booth,0,1,6.0,0.0
photo mosaic,0,1,1.0,0.0
photo mirror booth,0,1,2.0,0.0
photo mia,0,1,12.0,0.0
photo me photo sizes,0,1,21.0,0.0
photo id photographer coral gables,0,1,77.0,0.0
photo fun,0,1,20.0,0.0
photo from camera,0,1,2.0,0.0
photo from a camera,0,1,2.0,0.0
photo frame strip,0,1,4.0,0.0
photo frame for photo booth,0,1,1.0,0.0
photo frame booth,0,1,6.0,0.0
photo stations,0,1,8.0,0.0
photo standee photo booth,0,1,4.0,0.0
photo stall,0,1,8.0,0.0
photo sizing,0,1,3.0,0.0
photo size,0,1,9.0,0.0
photo shoot booth,0,1,52.0,0.0
photo setup,0,1,3.0,0.0
photo selfie booth,0,1,60.0,0.0
photo props ideas,0,1,4.0,0.0
photo prop stand,0,1,8.0,0.0
photo prop ideas for birthday,0,1,1.0,0.0
photo prop ideas,0,1,4.0,0.0
photo printer for photobooth,0,1,6.0,0.0
photo print sheet name,0,1,2.0,0.0
icon photo booth co. the woodlands tx,0,1,10.0,0.0
i want to know the size,0,1,2.0,0.0
i keep wondering,0,1,5.0,0.0
i get flustered,0,1,3.0,0.0
"i am a 18-24 or 25-34 year old female. my main motivations: they move to the beat of their own drum and blaze their own trails. they spend time seeking out items – clothes, accessories, and decor – that express their individuality. they attach themselves to culture earlier than most. to them, shopping is all about discovery—they’re constantly on the hunt for items that express their individuality. they’re likely to shop regularly. social shopping is a huge part of their discovery process (instagram, tiktok trends). my main pain points: - i have no need to buy anything - i’m happy with the websites i use at the moment - i don’t have a need for the items they sell - at the moment i have less money to spend on non-essentials - the products are expensive - unsure about the quality of products i'm looking for a set of custom photo booth props for a party. find me some options.",0,1,4.0,0.0
hình ảnh,0,1,39.0,0.0
hunting photobooth,0,1,1.0,0.0
how wide?,1,1,3.0,100.0
how to use a 360 photo booth,0,1,55.0,0.0
how to take boomerang,0,1,1.0,0.0
how to take a boomerang picture,0,1,6.0,0.0
photo strip album,0,1,8.0,0.0
how to print photo booth strips,0,1,3.0,0.0
how to print 2x2 photo,0,1,1.0,0.0
how to make your own photo props,0,1,24.0,0.0
how to make wedding props,0,1,2.0,0.0
how to make props,0,1,2.0,0.0
how to make pogs,0,1,1.0,0.0
photo strip magnet,0,1,6.0,0.0
photo strip keychain holder,0,1,4.0,0.0
photo strip frame nearby,0,1,11.0,0.0
photo strip design,0,1,15.0,0.0
photo strip collage,0,1,11.0,0.0
photo strip border,0,1,1.0,0.0
how to make a small propeller,0,1,2.0,0.0
how to make a propeller hat,0,1,2.0,0.0
how to make a polaroid,0,1,11.0,0.0
photo strip save the date,0,1,6.0,0.0
photo strip prints,0,1,1.0,0.0
photo strip poses,0,1,5.0,0.0
photo strip outline,0,1,9.0,0.0
how to take a boomerang photo,0,1,1.0,0.0
how to take a boomerang,0,1,1.0,0.0
how to rent a photobooth,0,1,8.0,0.0
how to rent a photo booth,0,1,9.0,0.0
how to print photo booth strips at home,0,1,2.0,0.0
photo strp,0,1,1.0,0.0
photo strips printer,0,1,2.0,0.0
photo strips ideas,0,1,13.0,0.0
photo striper,0,1,2.0,0.0
photo stripe,0,1,2.0,0.0
photo strip template,0,1,7.0,0.0
photo strip sleeves,0,1,4.0,0.0
how to make photo booth strip on canva,0,1,1.0,0.0
how to make photo booth picture frame,0,1,23.0,0.0
how to make frame for photo booth,0,1,21.0,0.0
how to make face cut out boards,0,1,1.0,0.0
how to make a photo booth frame for a party,0,1,1.0,0.0
how to make a photo booth backdrop,0,1,80.0,0.0
how to make a makeshift,0,1,1.0,0.0
how to make a face cutout board,0,1,2.0,0.0
how to make a face cut out photo board,0,1,1.0,0.0
how to draw a photo booth,0,1,12.0,0.0
photo vooth,0,1,1.0,0.0
photo time lotte,0,1,10.0,0.0
photo that comes out of camera,0,1,2.0,0.0
photo studio near me,0,1,45.0,0.0
photo studio booth,0,1,10.0,0.0
photo stub,0,1,2.0,0.0
photobooth album,0,1,2.0,0.0
photobooth aeon mall,0,1,1.0,0.0
photobooth accessories ideas,0,1,5.0,0.0
photobooth 2 strip,0,1,2.0,0.0
photoboorh,0,1,2.0,0.0
photoboogh,0,1,13.0,0.0
photoboo-thing,0,1,2.0,0.0
photobolth,0,1,4.0,0.0
photobboth,0,1,5.0,0.0
photo with shanghai photobooth,0,1,10.0,0.0
how much is it to rent a photo booth,0,1,11.0,0.0
how much is a photo booth rental,0,1,9.0,0.0
how much does it cost to rent a photo booth,0,1,1.0,0.0
how much does a photo booth cost at the mall,0,1,1.0,0.0
how much are photo booth photos,0,1,8.0,0.0
how many pixels is a 4x6 photo,0,1,1.0,0.0
photobooth baddies,0,1,1.0,0.0
photobooth background,0,1,16.0,0.0
photobooth backdrop size,0,1,11.0,0.0
photobooth backdrop rental,0,1,9.0,0.0
photobooth backdrop,0,1,28.0,0.0
photobooth baby shower,0,1,2.0,0.0
photobooth apa,0,1,3.0,0.0
how big is a polaroid picture,0,1,1.0,0.0
how big is a polaroid,0,1,1.0,0.0
photobooth clip,0,1,1.0,0.0
photobooth cirebon,0,1,3.0,0.0
photobooth centre point,0,1,1.0,0.0
photobooth cc,0,1,9.0,0.0
photobooth card,0,1,2.0,0.0
photobooth captions for instagram,0,1,1.0,0.0
photobooth butts,0,1,1.0,0.0
photobooth business name ideas,0,1,3.0,0.0
photobooth bcs,0,1,3.0,0.0
photobooth bar,0,1,1.0,0.0
photobooth banner,0,1,2.0,0.0
photobooth diy,0,1,5.0,0.0
photobooth display,0,1,12.0,0.0
photobooth di kokas,0,1,2.0,0.0
photobooth date artinya,0,1,3.0,0.0
photobooth cutouts,0,1,7.0,0.0
photobooth custom,0,1,8.0,0.0
photobooth curse meaning,0,1,1.0,0.0
photobooth concert,0,1,1.0,0.0
how does the 360 photo booth work,0,1,1.0,0.0
how can i make polaroid photo,0,1,1.0,0.0
how big is it,0,1,1.0,0.0
photobooth for event,0,1,8.0,0.0
photobooth for birthday,0,1,21.0,0.0
photobooth font,0,1,9.0,0.0
photobooth film,0,1,4.0,0.0
photobooth family,0,1,1.0,0.0
photobooth experience,0,1,10.0,0.0
photobooth events,0,1,11.0,0.0
photobooth en français,0,1,2.0,0.0
photobooth en francais,1,1,2.0,100.0
photobooth emoji,0,1,3.0,0.0
photobooth définition,0,1,2.0,0.0
photobooth dump,0,1,1.0,0.0
photobooth drawing,0,1,5.0,0.0
photobooth doodle,0,1,5.0,0.0
how big are polaroids,0,1,1.0,0.0
how big are polaroid pictures,0,1,1.0,0.0
how,0,1,27.0,0.0
hire a photo booth for a party,0,1,77.0,0.0
photobooth granada,0,1,8.0,0.0
photobooth girl,0,1,32.0,0.0
photobooth francais,0,1,3.0,0.0
photobooth frames,0,1,12.0,0.0
photobooth frame,0,1,33.0,0.0
photobooth format photo,0,1,1.0,0.0
photobooth for sale,0,1,4.0,0.0
photobooth for hire,0,1,65.0,0.0
photobooth for farewell,0,1,5.0,0.0
photobooth magnetic strip,0,1,5.0,0.0
photobooth magnet,0,1,3.0,0.0
photobooth magazine style,0,1,4.0,0.0
photobooth logo,0,1,3.0,0.0
photobooth location,0,1,6.0,0.0
photobooth kendal,0,1,1.0,0.0
photobooth in malay,0,1,5.0,0.0
photobooth in italian,0,1,3.0,0.0
photobooth in cafe,0,1,1.0,0.0
photobooth in afrikaans,0,1,2.0,0.0
photobooth hay photobook,0,1,1.0,0.0
photobooth hardiknas,0,1,2.0,0.0
photobooth hard launch,0,1,2.0,0.0
photobooth grid,0,1,6.0,0.0
how big is a 5x5 photo,0,1,63.0,0.0
hello kitty photo booth,0,1,11.0,0.0
hearts2hearts photobooth,0,1,11.0,0.0
hay alguna foto?,0,1,4.0,0.0
havana nights photo booth props,0,1,30.0,0.0
hats for photo booth,0,1,5.0,0.0
hasil foto photobooth,0,1,2.0,0.0
hasil foto booth namanya apa,0,1,3.0,0.0
hasil foto booth,0,1,2.0,0.0
harga photobox di tangcity mall,0,1,4.0,0.0
harga photobooth di mall,0,1,3.0,0.0
harga photo booth,0,1,3.0,0.0
halloween photo booth,0,1,11.0,0.0
photobooth mariage,0,1,48.0,0.0
photobooth photo booth,0,1,7.0,0.0
photobooth pekanbaru,0,1,4.0,0.0
photobooth party rental,0,1,5.0,0.0
photobooth ou,0,1,9.0,0.0
photobooth or photobox,0,1,3.0,0.0
photobooth opus,0,1,1.0,0.0
photobooth one or two words,0,1,3.0,0.0
photobooth nipslip,0,1,11.0,0.0
photobooth nearby,0,1,11.0,0.0
photobooth near ne,0,1,1.0,0.0
photobooth near me within 5 mi,0,1,4.0,0.0
photobooth near,0,1,10.0,0.0
photobooth memories,0,1,5.0,0.0
photobooth meme,0,1,1.0,0.0
photobooth photo strip png,0,1,76.0,0.0
halloween decoration rental,0,1,41.0,0.0
group of photos is called,0,1,1.0,0.0
group of photos called,0,1,1.0,0.0
graduation photos props,0,1,28.0,0.0
graduation photobooth,0,1,13.0,0.0
google photo booth,0,1,3.0,0.0
glowbox studio and space,0,1,5.0,0.0
glamour shots near me,0,1,1.0,0.0
glamorous photo booth,0,1,52.0,0.0
glam photoshoot,0,1,1.0,0.0
glam photobooth,0,1,28.0,0.0
photobooth photo frame,0,1,10.0,0.0
glam photo booth for sale,0,1,52.0,0.0
gele.photobooth,0,1,4.0,0.0
gambar strip,0,1,2.0,0.0
gambar photobooth,0,1,3.0,0.0
gambar photo booth,0,1,6.0,0.0
gambar,0,1,30.0,0.0
gallery booth,0,1,12.0,0.0
funny photo booth props,0,1,75.0,0.0
funny photo booth poses for couples,0,1,8.0,0.0
photobooth picture frame,0,1,5.0,0.0
photobooth pic frame,0,1,5.0,0.0
photobooth photoism,0,1,7.0,0.0
photobooth photoframe,0,1,11.0,0.0
photobooth photobox bedanya,0,1,3.0,0.0
fto booth,0,1,2.0,0.0
friends photobooth,0,1,5.0,0.0
fremo.id photobooth,0,1,4.0,0.0
frame photo booth diy,0,1,21.0,0.0
frame for photo strip,0,1,9.0,0.0
four poses photobooth,0,1,10.0,0.0
four poses,0,1,11.0,0.0
photobooth print out,0,1,4.0,0.0
photobooth price,0,1,12.0,0.0
photobooth poster,0,1,6.0,0.0
photobooth poses meme,0,1,5.0,0.0
photobooth po,0,1,10.0,0.0
photobooth selfies,0,1,11.0,0.0
photobooth selfie time,0,1,4.0,0.0
photobooth sama pacar,0,1,3.0,0.0
photobooth roamer,0,1,1.0,0.0
photobooth rentals for weddings,0,1,16.0,0.0
photobooth qu'est ce que c'est,0,1,2.0,0.0
photobooth pronunciation,0,1,1.0,0.0
photobooth prints,0,1,37.0,0.0
photobooth printout,0,1,2.0,0.0
funny,0,1,3.0,0.0
fun photobooth props,0,1,47.0,0.0
fun photobooth,0,1,1.0,0.0
fotostrips afdrukken,0,1,5.0,0.0
fotostrips,0,1,1.0,0.0
fotostrip photobooth,0,1,9.0,0.0
fotostrip afdrukken,0,1,6.0,0.0
fotostreifen rossmann,0,1,3.0,0.0
fotos de cabina,0,1,2.0,0.0
fotos cabina fotografica,0,1,2.0,0.0
fotos booth,0,1,6.0,0.0
fotos 360 para eventos,0,1,25.0,0.0
fotoremsor,0,1,9.0,0.0
fotoremsa,0,1,5.0,0.0
photobooth signage,0,1,2.0,0.0
photobooth strip photos,0,1,4.0,0.0
photobooth strip maker,0,1,11.0,0.0
photobooth strip ideas,0,1,12.0,0.0
photobooth store,0,1,13.0,0.0
photobooth stickers,0,1,9.0,0.0
photobooth ss15,0,1,11.0,0.0
photobooth square,0,1,12.0,0.0
photobooth soft launch,0,1,1.0,0.0
photobooth smb,0,1,13.0,0.0
fotopoth,0,1,6.0,0.0
fotomatón cumpleaños,0,1,9.0,0.0
fotomaton sinonimos,0,1,1.0,0.0
fotomaton en ingles,0,1,3.0,0.0
fotohokkie ubertos,0,1,3.0,0.0
fotohokkie cianjur,0,1,3.0,0.0
fotofunbox fotobudka rzesz,0,1,7.0,0.0
fotobudka 360 łódź,0,1,3.0,0.0
fotobudka 360,0,1,2.0,0.0
fotobox trends 2026,0,1,9.0,0.0
fotobox di solo,0,1,3.0,0.0
fotobox di bandung,0,1,4.0,0.0
fotobox accessoires,0,1,10.0,0.0
fotobooth,0,1,3.0,0.0
foto teta meaning,0,1,1.0,0.0
foto studio,0,1,3.0,0.0
foto strip ukuran,0,1,1.0,0.0
foto strip photobooth,0,1,5.0,0.0
foto strip,0,1,2.0,0.0
foto requisiten,0,1,5.0,0.0
foto fun,0,1,48.0,0.0
foto box di aeon sentul,0,1,2.0,0.0
foto box dan photo booth,0,1,2.0,0.0
photobooth sun plaza,0,1,2.0,0.0
photobooth sukhakala,0,1,10.0,0.0
photobooth style photos,0,1,4.0,0.0
photobooth strip yearbook spread,0,1,1.0,0.0
photobooth with cortis,0,1,2.0,0.0
photobooth vs photo booth,0,1,2.0,0.0
photobooth vendor,0,1,84.0,0.0
photobooth ukuran,0,1,2.0,0.0
photobooth trip,0,1,2.0,0.0
photobooth thing,0,1,1.0,0.0
photobooth supplier,0,1,73.0,0.0
photobooth supermall karawaci,0,1,5.0,0.0
fotobooths,0,1,7.0,0.0
fotobooth. cc,0,1,10.0,0.0
photoboth photos,0,1,2.0,0.0
photobooty,0,1,12.0,0.0
photoboothto,0,1,6.0,0.0
photoboothstrip,0,1,5.0,0.0
photobooths for rent,0,1,1.0,0.0
photobooths for events,0,1,12.0,0.0
photoboothj,0,1,11.0,0.0
photoboothiocc,0,1,7.0,0.0
photoboothio,0,1,10.0,0.0
photoboothe,0,1,11.0,0.0
photoboothaholic,0,1,1.0,0.0
photobootha,0,1,6.0,0.0
photobooth],0,1,5.0,0.0
photobooth?,0,1,3.0,0.0
photobox atau photo booth,0,1,3.0,0.0
foto both,0,1,3.0,0.0
foto boots,0,1,2.0,0.0
foto booth near me,0,1,3.0,0.0
foto booth itu apa,0,1,3.0,0.0
foto boot,0,1,8.0,0.0
foto boath,0,1,7.0,0.0
format strip,0,1,4.0,0.0
format photobooth,0,1,10.0,0.0
format photo photobooth,0,1,7.0,0.0
for photobooth,0,1,1.0,0.0
fofo booth,0,1,2.0,0.0
foam board photo booth frame,0,1,27.0,0.0
photobotth,0,1,12.0,0.0
#photoboothrental,0,1,78.0,0.0
photocard photobooth,0,1,2.0,0.0
photocall,0,1,2.0,0.0
photobuth,0,1,7.0,0.0
photobppth,0,1,63.0,0.0
photobox tsm bandung,0,1,5.0,0.0
photobox template,0,1,8.0,0.0
photobox tangcity,0,1,3.0,0.0
大概長怎樣,0,1,2.0,0.0
photobox pvj,0,1,5.0,0.0
photobox photo booth strips,0,1,2.0,0.0
photobox kamera depan atau belakang,0,1,3.0,0.0
photobox dan photobooth,0,1,3.0,0.0
photobox atrium,0,1,5.0,0.0
photobox atau photobox,0,1,3.0,0.0
photobox atau photobooth,0,1,15.0,0.0
photoism store,0,1,3.0,0.0
ทำเองได้ไหม,0,1,4.0,0.0
photoism pose,0,1,3.0,0.0
photoism bxc lantai berapa,0,1,2.0,0.0
photoism blok m,0,1,2.0,0.0
photoism - grand batam mall foto,0,1,2.0,0.0
photoism - bintaro jaya xchange mall foto,0,1,3.0,0.0
photoism,0,1,4.0,0.0
photois queen city,0,1,7.0,0.0
সেলফি বুথ,0,1,12.0,0.0
photography shop,0,1,1.0,0.0
photography photo booth,0,1,6.0,0.0
photography by mia,0,1,5.0,0.0
photographer photo booth,0,1,4.0,0.0
photograph booth,0,1,6.0,0.0
photogenic photobooth,0,1,4.0,0.0
flashback booth,0,1,8.0,0.0
flash bar photo booth,0,1,6.0,0.0
find me some,0,1,22.0,0.0
filtre photo,0,1,25.0,0.0
film strip photo prints,0,1,1.0,0.0
film strip image,0,1,6.0,0.0
film photobooth,0,1,11.0,0.0
film photo strip,0,1,3.0,0.0
fete booth,0,1,3.0,0.0
family photo booth,0,1,78.0,0.0
photomaton echirolles,0,1,1.0,0.0
photomaton dimension,0,1,2.0,0.0
photomaton ancien,0,1,6.0,0.0
photomatique,0,1,4.0,0.0
photomansion,0,1,4.0,0.0
photolookup braga,0,1,4.0,0.0
photostrio,0,1,1.0,0.0
photoshop props,0,1,47.0,0.0
photoshop,0,1,14.0,0.0
photoshoot strip,0,1,1.0,0.0
photosheet,0,1,5.0,0.0
photosets,0,1,1.0,0.0
photoset meaning,0,1,1.0,0.0
photos,0,1,34.0,0.0
photooboth,0,1,12.0,0.0
photonooth rental,0,1,11.0,0.0
ফটোবুথ,0,1,2.0,0.0
photomong,0,1,6.0,0.0
photomaton taille photo,0,1,5.0,0.0
photomaton savigny sur orge,0,1,4.0,0.0
foam board diy photo booth frame,0,1,27.0,0.0
flashbooth photos,0,1,4.0,0.0
phptpbooth,0,1,9.0,0.0
phptp booth,0,1,3.0,0.0
ماهو الفوتوبوث,0,1,3.0,0.0
كشك صور,0,1,3.0,0.0
photot booth,0,1,12.0,0.0
photostrup,0,1,1.0,0.0
photostripes,0,1,1.0,0.0
photostrip website,0,1,11.0,0.0
photostrip ukuran,0,1,2.0,0.0
photostrip sleeve,0,1,4.0,0.0
photostrip or photo strip,0,1,3.0,0.0
كشك التصوير,0,1,5.0,0.0
صور بوث,0,1,2.0,0.0
2 *2 photo,0,1,1.0,0.0
photostrip camera,0,1,4.0,0.0
2 * 6 photo size,0,1,10.0,0.0
diy photo booth with props,0,1,2.0,0.0
fairy film photobooth,0,1,11.0,0.0
1x2 picture size,0,1,4.0,0.0
event roamer,0,1,11.0,0.0
1536x1024 size,0,1,1.0,0.0
event 360 photo booth,0,1,40.0,0.0
yours photobooth,0,1,1.0,0.0
photo booth crafts,0,1,9.0,0.0
esteem 360 studios,0,1,34.0,0.0
photo booth co,0,1,8.0,0.0
photo booth central,0,1,4.0,0.0
duo photobooth poses,0,1,11.0,0.0
dola foto photobooth,0,1,10.0,0.0
do you have pictures?,0,1,4.0,0.0
dm fotostreifen,0,1,2.0,0.0
phto strip,0,1,8.0,0.0
photo booth center point,0,1,1.0,0.0
picture frame strips,0,1,3.0,0.0
picture booth for rent,0,1,43.0,0.0
picture booth for parties,0,1,13.0,0.0
picture boards for celebration of life,0,1,4.0,0.0
picstrip,0,1,6.0,0.0
pics 360,0,1,25.0,0.0
pickypic photobooth,0,1,4.0,0.0
pickposes.pages.dev,0,1,1.0,0.0
picapica photobooth,0,1,8.0,0.0
picapica photobook,0,1,10.0,0.0
picapica photo,0,1,8.0,0.0
photo booth bridal shower,0,1,20.0,0.0
pic booth,0,1,6.0,0.0
diy wedding photo booth props,0,1,1.0,0.0
diy tutorial,1,1,3.0,100.0
diy photo booth props for kids,0,1,1.0,0.0
photo booth brand activations in south florida,0,1,89.0,0.0
diy photo booth for products,0,1,44.0,0.0
diy photo booth for birthday party,0,1,1.0,0.0
diy photo booth at home,0,1,30.0,0.0
diy foam board stand,0,1,3.0,0.0
diy custom children's photo props ideas,0,1,5.0,0.0
diy birthday photo booth props,0,1,8.0,0.0
diy,0,1,9.0,0.0
pinterest photobooth,0,1,13.0,0.0
pienji photobooth,0,1,3.0,0.0
pictures come out,0,1,2.0,0.0
pictures called,0,1,9.0,0.0
photo booth black and white strip,0,1,4.0,0.0
picture sticky strips,0,1,2.0,0.0
picture sizes at walgreens,0,1,1.0,0.0
dimension,0,1,2.0,0.0
digital photobooth rental,0,1,6.0,0.0
digital photo booth rentals,0,1,4.0,0.0
polaroid card size,0,1,3.0,0.0
polaroid camera size photos,0,1,1.0,0.0
polaroid camera photo size,0,1,2.0,0.0
polaroid border,0,1,16.0,0.0
polaroid booth,0,1,3.0,0.0
polaroid 2r size,0,1,5.0,0.0
photo booth bilder,0,1,7.0,0.0
photo booth berdua,0,1,10.0,0.0
photo booth bareng pacar,0,1,2.0,0.0
pocket size photo in cm,0,1,3.0,0.0
pixie ptb,0,1,11.0,0.0
pixie photobooth,0,1,10.0,0.0
pixenze booth,0,1,8.0,0.0
polaroid photo frame diy,0,1,41.0,0.0
photo booth bar,0,1,65.0,0.0
polaroid photo booth setup,0,1,8.0,0.0
polaroid photo booth rental,0,1,10.0,0.0
polaroid photo booth ideas,0,1,34.0,0.0
polaroid ohoto size,0,1,1.0,0.0
photo booth banner size,0,1,13.0,0.0
photo booth banner,0,1,8.0,0.0
polaroid frame photo prop,0,1,18.0,0.0
photo booth banjarmasin,0,1,13.0,0.0
photo booth bandung,0,1,2.0,0.0
photo booth backdrop,0,1,6.0,0.0
photo booth back drop,0,1,6.0,0.0
dimension photomaton,1,1,2.0,100.0
photo booth attendant,0,1,3.0,0.0
dimension cadre photobooth,0,1,2.0,0.0
digital camera near me,0,1,10.0,0.0
different types of photo booths,0,1,1.0,0.0
desk diy,0,1,15.0,0.0
define booth,0,1,1.0,0.0
customized photo booth props,0,1,87.0,0.0
photo booth atau photo box,0,1,3.0,0.0
customizable photo props,0,1,52.0,0.0
customizable photo booth,0,1,51.0,0.0
custom photo strip,0,1,4.0,0.0
photo booth arcade,0,1,2.0,0.0
photo booth app,0,1,2.0,0.0
polaroid photo size dimensions,0,1,1.0,0.0
polaroid photo size cm,0,1,1.0,0.0
photo booth and trade show backdrops,0,1,29.0,0.0
polaroid photo measurements,0,1,3.0,0.0
polaroid photo frame size,0,1,2.0,0.0
photo booth di hp,0,1,9.0,0.0
photo booth depok,0,1,3.0,0.0
photo booth denpasar,0,1,3.0,0.0
polaroid sizes,0,1,1.0,0.0
polaroid size width and height,0,1,3.0,0.0
polaroid size inch,0,1,1.0,0.0
polaroid size in inch,0,1,1.0,0.0
polaroid selfie frame,0,1,27.0,0.0
photo booth date,0,1,1.0,0.0
polaroid prop,0,1,15.0,0.0
photo booth dan photobox,0,1,2.0,0.0
photo boomerang,0,1,2.0,0.0
polaroid picture,0,1,2.0,0.0
polaroid pics size,0,1,1.0,0.0
polaroid photos size,0,1,1.0,0.0
polaroid photos dimensions,0,1,1.0,0.0
creative profile picture ideas,0,1,60.0,0.0
creative photo booth business name ideas,0,1,2.0,0.0
creative photo booth,0,1,7.0,0.0
cp photobooth,0,1,10.0,0.0
couple poses photobooth,0,1,5.0,0.0
cosplay photobooth,0,1,1.0,0.0
corporate photo booth rental,0,1,9.0,0.0
photo book rental,0,1,5.0,0.0
corporate event photo booth,0,1,5.0,0.0
portable photo booth hire,0,1,25.0,0.0
portable photo booth for parties,0,1,4.0,0.0
porta booth,0,1,4.0,0.0
photo boo,0,1,3.0,0.0
pop up photo booth,0,1,4.0,0.0
poloroid dimensions,0,1,1.0,0.0
poloride photo size,0,1,1.0,0.0
print near me 24 hours,0,1,1.0,0.0
premiere photo booth,0,1,30.0,0.0
pp size,0,1,1.0,0.0
potobooth,0,1,3.0,0.0
poto box,0,1,2.0,0.0
photo boards for celebration of life,0,1,2.0,0.0
post strip,0,1,2.0,0.0
post photobooth,0,1,1.0,0.0
post office phuket photo booth,0,1,9.0,0.0
photo background,0,1,12.0,0.0
portrait photo booth,0,1,72.0,0.0
portrait booth,0,1,9.0,0.0
portable photo booths for rent,0,1,83.0,0.0
portable photo booth rentals,0,1,80.0,0.0
cuanto mide esto,0,1,2.0,0.0
crew photo booth,0,1,1.0,0.0
photo backdrop,0,1,28.0,0.0
professional photo booth,0,1,12.0,0.0
printing photobooth,0,1,1.0,0.0
printing photo booth strips,0,1,3.0,0.0
printer photo booth,0,1,8.0,0.0
printer for photo booth,0,1,6.0,0.0
printed strips,0,1,2.0,0.0
print strip,0,1,2.0,0.0
print props,0,1,1.0,0.0
print photostrip,0,1,12.0,0.0
print photos photo booth style,0,1,25.0,0.0
print photobooth strip,0,1,7.0,0.0
photo atrip,0,1,2.0,0.0
photo atm,0,1,7.0,0.0
photo booth for bridal shower,0,1,10.0,0.0
print photo booth strips,0,1,5.0,0.0
que es fotomaton,0,1,3.0,0.0
public photo booths near me,0,1,1.0,0.0
props photography,0,1,1.0,0.0
photo booth foam frame,0,1,13.0,0.0
photo booth florida,0,1,73.0,0.0
props making,0,1,3.0,0.0
props in photography,0,1,1.0,0.0
props for photoshoot,0,1,4.0,0.0
props for photography,0,1,1.0,0.0
photo booth filter,0,1,12.0,0.0
prop table set up,0,1,43.0,0.0
prop photobooth,0,1,54.0,0.0
prop photo,0,1,4.0,0.0
prop,0,1,1.0,0.0
prompt for this photo,0,1,1.0,0.0
prompt for this,0,1,2.0,0.0
copies near me,0,1,1.0,0.0
coole fotoideen zum nachmachen,0,1,24.0,0.0
cool photo backdrops,0,1,17.0,0.0
contoh photobooth,0,1,2.0,0.0
contoh foto booth,0,1,2.0,0.0
como se llaman?,0,1,1.0,0.0
como se llama este tipo de fotos,0,1,1.0,0.0
como se llama este diseño,0,1,5.0,0.0
como se llama el lugar donde toman fotos,0,1,2.0,0.0
como se llama donde se toman fotos en las fiestas,0,1,7.0,0.0
commercial photo booth,0,1,3.0,0.0
collective noun of photographs,0,1,1.0,0.0
redwood photo booth,0,1,35.0,0.0
red photo booth,0,1,10.0,0.0
ready set pose,0,1,6.0,0.0
ratio of passport size photo,0,1,2.0,0.0
rent photobooth for wedding,0,1,4.0,0.0
photo booth equipment rental,0,1,100.0,0.0
rent photo booth near me,0,1,39.0,0.0
rent photo booth for wedding,0,1,12.0,0.0
photo booth en francais,0,1,2.0,0.0
rent photo booth equipment,0,1,87.0,0.0
rent modern open-air photobooth for wedding near me,0,1,16.0,0.0
rent halloween decorations,0,1,21.0,0.0
rent digital photo booth,0,1,7.0,0.0
rent a video booth,0,1,19.0,0.0
photo booth di tunjungan plaza surabaya,0,1,3.0,0.0
rent a selfie booth,0,1,59.0,0.0
rent a photo booth for a wedding,0,1,18.0,0.0
rent a photo booth for a party,0,1,88.0,0.0
rent a photo booth cheap,0,1,4.0,0.0
rent a photo,0,1,1.0,0.0
chin chin booth,0,1,9.0,0.0
photo booth history,0,1,3.0,0.0
ch,0,1,5.0,0.0
centre point photobooth,0,1,8.0,0.0
center point photobooth,0,1,1.0,0.0
celebration of life picture board ideas,0,1,2.0,0.0
cara membuat photo booth sederhana,0,1,2.0,0.0
capture booth,0,1,36.0,0.0
captions for photo booth pictures,0,1,2.0,0.0
caption untuk photobooth,0,1,6.0,0.0
photo booth hire brentwood,0,1,70.0,0.0
photo booth hire,0,1,7.0,0.0
photo booth gratis,0,1,10.0,0.0
renta photobooth,0,1,99.0,0.0
rent selfie booth,0,1,51.0,0.0
photo booth fotos,0,1,3.0,0.0
roamer photo booth washington dc,0,1,77.0,0.0
photo booth for rental,0,1,68.0,0.0
ring roamer photo booth near me,0,1,74.0,0.0
reverie photobox,0,1,11.0,0.0
photo booth for rent near me,0,1,48.0,0.0
retro photo booth near me,0,1,1.0,0.0
renting photo booths,0,1,35.0,0.0
renting a photo booth near me,0,1,65.0,0.0
rented photo booth,0,1,66.0,0.0
rental picture booth,0,1,90.0,0.0
rental photobooth,0,1,12.0,0.0
rental of photo booth,0,1,10.0,0.0
coconut grove photo booth,0,1,1.0,0.0
photo booth for party,0,1,12.0,0.0
chuck e cheese photobooth,0,1,1.0,0.0
chinchin photobooth,0,1,2.0,0.0
self photo booth,0,1,1.0,0.0
caption photobooth,0,1,6.0,0.0
caption for photobooth pics,0,1,2.0,0.0
canva photo booth strip template,0,1,10.0,0.0
can you turn pictures into polaroids,0,1,3.0,0.0
can i reuse new year's photo booth props for other occasions?,0,1,3.0,0.0
camera strips,0,1,2.0,0.0
camera store near me,0,1,25.0,0.0
camera store,0,1,54.0,0.0
camera booth photos,0,1,6.0,0.0
cafe yang ada photobox terdekat,0,1,4.0,0.0
photo booth for parties rental,0,1,9.0,0.0
but photos,0,1,4.0,0.0
say photobooth,0,1,3.0,0.0
roaming photo booths,0,1,7.0,0.0
photo booth for event,0,1,11.0,0.0
similar,0,1,2.0,0.0
signature photobox,0,1,5.0,0.0
signature photobooth,0,1,4.0,0.0
photo booth accessories,0,1,1.0,0.0
photo 360 booth rental,0,1,24.0,0.0
show me one photo,0,1,31.0,0.0
photo 2x2 inches,0,1,1.0,0.0
senior photo prop,0,1,6.0,0.0
selfie time tangcity mall foto,0,1,1.0,0.0
selfie time margo city foto,0,1,1.0,0.0
selfie time ada dimana saja,0,1,4.0,0.0
selfie station diy,0,1,1.0,0.0
selfie booth props,0,1,26.0,0.0
selfie booth,0,1,12.0,0.0
selfie,0,1,21.0,0.0
self service photo booth,0,1,22.0,0.0
photo 2 by 2 inch,0,1,1.0,0.0
branded photo booth,0,1,5.0,0.0
borne photos,0,1,5.0,0.0
borne photo,0,1,2.0,0.0
boothy call,0,1,4.0,0.0
photo,0,1,1.0,0.0
boothpics machine,0,1,4.0,0.0
boothpics com gallery,0,1,4.0,0.0
boothpics,0,1,2.0,0.0
photbooth strip,0,1,7.0,0.0
size of 2v2 picture,0,1,1.0,0.0
size ng 2x2 picture,0,1,2.0,0.0
photbooth rental,0,1,4.0,0.0
single picture,0,1,4.0,0.0
singkatan photobooth,0,1,2.0,0.0
photboot,0,1,3.0,0.0
blank photo booth props,0,1,5.0,0.0
black and white photobooth near me,0,1,1.0,0.0
black and white photobooth,0,1,1.0,0.0
size of instax mini photo,0,1,1.0,0.0
size of a 2x2,0,1,1.0,0.0
size of 2x2 picture in cm,0,1,3.0,0.0
phot both,0,1,9.0,0.0
booth post,0,1,1.0,0.0
booth pose,0,1,5.0,0.0
booth pics rental,0,1,39.0,0.0
phot booth,0,1,6.0,0.0
booth photo near me,0,1,1.0,0.0
booth photo booth,0,1,10.0,0.0
phootobooth,0,1,8.0,0.0
phooto both,0,1,8.0,0.0
bus booth,0,1,1.0,0.0
small building space for rent,0,1,1.0,0.0
slushy machine rental near me,0,1,1.0,0.0
sketchboth,0,1,10.0,0.0
phooto booth,0,1,10.0,0.0
sizes of polaroids,0,1,1.0,0.0
phoot booth,0,1,5.0,0.0
size of two by two picture,0,1,1.0,0.0
booth frames,0,1,32.0,0.0
photo booth in,0,1,3.0,0.0
booth cut,0,1,4.0,0.0
booth call,0,1,2.0,0.0
booth by mail,0,1,36.0,0.0
phone booth wedding,0,1,11.0,0.0
boomerang shots,0,1,1.0,0.0
boomerang shot,0,1,1.0,0.0
boomerang photography,0,1,3.0,0.0
birthday photo booth rental north west,0,1,61.0,0.0
birthday photo booth rental,0,1,26.0,0.0
birthday party photo booths,0,1,11.0,0.0
bilderstreifen,0,1,11.0,0.0
big photobooth,0,1,9.0,0.0
big photo booth,0,1,27.0,0.0
biaya photobooth,0,1,3.0,0.0
best weeknight photobooth rental deals near me,0,1,6.0,0.0
best weeknight photobooth rental deals,0,1,20.0,0.0
social booth,0,1,7.0,0.0
snapshot photobooth,0,1,6.0,0.0
snapic photo mall ciputra jakarta,0,1,5.0,0.0
snapfish photo strips,0,1,7.0,0.0
snap and smile photo booth,0,1,10.0,0.0
smile up photobooth,0,1,2.0,0.0
phone booth rental for wedding,0,1,13.0,0.0
phone booth rental for events,0,1,10.0,0.0
phone booth picture,0,1,3.0,0.0
berapa ukurannya,0,1,2.0,0.0
berapa ukuran photo booth,0,1,56.0,0.0
berapa ukuran ini,0,1,2.0,0.0
bedanya photobooth sama photobox,0,1,3.0,0.0
square one photobooth,0,1,9.0,0.0
phoboth,0,1,6.0,0.0
speech booth,0,1,10.0,0.0
specifications,0,1,2.0,0.0
something a little shorter,0,1,3.0,0.0
solo photobooth pose,0,1,4.0,0.0
personal photobooth,0,1,82.0,0.0
social media slang,0,1,2.0,0.0
social media booth,0,1,4.0,0.0
black and white photo booth strips,0,1,7.0,0.0
standard strips,0,1,1.0,0.0
standard size of photobooth,0,1,4.0,0.0
standard polaroid size in cm,0,1,1.0,0.0
standard polaroid size,0,1,1.0,0.0
standard polaroid photo size,0,1,1.0,0.0
perbedaan photobox dan photo booth,0,1,3.0,0.0
standard booth,0,1,2.0,0.0
stand para foto,0,1,2.0,0.0
stand de fotos para eventos,0,1,4.0,0.0
photo booth in the mall,0,1,13.0,0.0
best self-service photo booth rentals 2026,0,1,4.0,0.0
photo booth in miami fl,0,1,12.0,0.0
best photobooth rental companies for corporate events with social media sharing,0,1,2.0,0.0
photo booth in mall,0,1,4.0,0.0
best photo booth rentals with custom branding for corporate events,0,1,2.0,0.0
photo booth in arabic,0,1,2.0,0.0
photo album for photo booth strips,0,1,5.0,0.0
perbedaan foto box sama foto studio,0,1,3.0,0.0
beach boomerang ideas,0,1,2.0,0.0
pen toppers diy,0,1,3.0,0.0
bar w photo booth,0,1,6.0,0.0
bande photomaton,0,1,3.0,0.0
patan photobooth,0,1,12.0,0.0
bande image,0,1,2.0,0.0
background photobooth,0,1,7.0,0.0
passport size pic size in inches,0,1,1.0,0.0
strip,0,1,2.0,0.0
strike a pose photobooth,0,1,1.0,0.0
strand photo,0,1,2.0,0.0
passport size and 2x2 is the same,0,1,1.0,0.0
"passport photo studio in coconut grove, fl",0,1,90.0,0.0
statement photo booth,0,1,82.0,0.0
party rental photo booth,0,1,7.0,0.0
back drops,0,1,30.0,0.0
average size of a polaroid picture,0,1,17.0,0.0
average booth size,0,1,1.0,0.0
auto photobooth,0,1,81.0,0.0
party picture booth rental,0,1,11.0,0.0
strip photo booth size,0,1,2.0,0.0
party pics photo booth,0,1,2.0,0.0
strip on camera,0,1,2.0,0.0
strip of pictures,0,1,2.0,0.0
photo booth mieten,0,1,86.0,0.0
strip meaning,0,1,3.0,0.0
photo booth mean,0,1,2.0,0.0
strip image,0,1,2.0,0.0
bedanya photobooth dan photo studio,0,1,3.0,0.0
bedanya photo booth dan photobox,0,1,2.0,0.0
strip shots,0,1,2.0,0.0
strip prints,0,1,2.0,0.0
strip poto,0,1,2.0,0.0
strip pose,0,1,2.0,0.0
strip polaroid,0,1,2.0,0.0
strip picture frame,0,1,4.0,0.0
photo booth mall,0,1,5.0,0.0
photo booth kya hota hai,0,1,3.0,0.0
strip pic,0,1,2.0,0.0
strip photobooth template,0,1,5.0,0.0
strip photo prints,0,1,10.0,0.0
backdrops photography,0,1,20.0,0.0
phoobooh,0,1,11.0,0.0
backdrop size,0,1,20.0,0.0
backdrop meaning in photography,0,1,1.0,0.0
backdrop for photos,0,1,28.0,0.0
atribut photobooth,0,1,2.0,0.0
astronaut photo booth,0,1,10.0,0.0
ar photo booth,0,1,11.0,0.0
apakah photobooth dan photobox sama,0,1,3.0,0.0
apa perbedaan photobox dan photobooth,0,1,2.0,0.0
apa namanya,0,1,2.0,0.0
apa itu photoism,0,1,3.0,0.0
phone photobooth,0,1,6.0,0.0
party camera rental,0,1,8.0,0.0
stripphoto,0,1,1.0,0.0
stripped photo,0,1,2.0,0.0
striping pics,0,1,5.0,0.0
stripe photo booth,0,1,1.0,0.0
stripe image,0,1,2.0,0.0
strip?,0,1,2.0,0.0
strip style photobooth,0,1,2.0,0.0
tempat foto booth,0,1,5.0,0.0
party camera booth,0,1,6.0,0.0
telephone booth rental near me,0,1,5.0,0.0
tap to lock in your pose photobooth,0,1,7.0,0.0
tamaño fotos fotomaton,0,1,2.0,0.0
taille photo photomaton,0,1,6.0,0.0
tacktack photobooth,0,1,4.0,0.0
tack tack photobooth,0,1,8.0,0.0
sukhakala photobooth,0,1,8.0,0.0
subway photo booth,0,1,1.0,0.0
studiobooth,0,1,75.0,0.0
paparazzi photobooth,0,1,3.0,0.0
stub photo,0,1,1.0,0.0
paket usaha photobooth,0,1,4.0,0.0
audio guestbook phone rental,0,1,4.0,0.0
audio guest book booth,0,1,11.0,0.0
tira de rollo fotografico,0,1,3.0,0.0
tira de fotos fotomaton,0,1,2.0,0.0
tira de fotos cabina,0,1,2.0,0.0
timezone photo booth,0,1,1.0,0.0
time zone photo booth,0,1,1.0,0.0
theme photobooth,0,1,98.0,0.0
the strip photo booth,0,1,3.0,0.0
our first photobooth,0,1,3.0,0.0
the social booth,0,1,6.0,0.0
the photos,0,1,1.0,0.0
the photo booth collective,0,1,3.0,0.0
the glam booth,0,1,1.0,0.0
other names,0,1,3.0,0.0
tempat photobox terdekat,0,1,4.0,0.0
tempat photobox bogor,0,1,4.0,0.0
tempat foto booth terdekat,0,1,2.0,0.0
apa bedanya photo booth dengan photobox,0,1,3.0,0.0
order photo booth strips,0,1,4.0,0.0
apa beda photobooth dan photobox,0,1,2.0,0.0
another photobooth artinya,0,1,3.0,0.0
and picture,0,1,20.0,0.0
photo booth padang,0,1,2.0,0.0
alat foto box,0,1,2.0,0.0
ai photobooth prompt,0,1,13.0,0.0
ai photo strip,0,1,1.0,0.0
tiras de fotos de cabinas,0,1,2.0,0.0
photo booth options,0,1,1.0,0.0
photo booth on rent,0,1,62.0,0.0
tirage photomaton,0,1,7.0,0.0
tira fotográfica,0,1,2.0,0.0
tira fotografica,0,1,1.0,0.0
tira foto,0,1,4.0,0.0
photo booth near me open now,0,1,12.0,0.0
turn photos into photo booth strips,0,1,5.0,0.0
photo booth nashik,0,1,1.0,0.0
tulisan photo booth yang benar,0,1,3.0,0.0
tulisan foto box,0,1,3.0,0.0
tulisan foto booth,0,1,3.0,0.0
tripod photo booth,0,1,5.0,0.0
trio poses photobooth,0,1,4.0,0.0
traffic camera photo booth,0,1,37.0,0.0
traduire anglais français photo booth,0,1,4.0,0.0
perbedaan photobooth photobox dan photo studio,0,1,3.0,0.0
towne park estates,0,1,1.0,0.0
top photo booth companies,0,1,75.0,0.0
to more photo booths with you,0,1,1.0,0.0
perbedaan photo booth dan photobox,0,1,3.0,0.0
apa bedanya photobooth dan photobox,0,1,2.0,0.0
ai photo booth rental miami,0,1,11.0,0.0
ai photo booth rental,0,1,2.0,0.0
perbedaan foto studio dan photobooth,0,1,3.0,0.0
aeon mall photobooth,0,1,2.0,0.0
"add-ons and accessories to buy for portable photo booths (printers, backdrops, props)",0,1,20.0,0.0
acubi photobooth,0,1,1.0,0.0
a6?,0,1,2.0,0.0
a photo booth rental,0,1,38.0,0.0
6x2 photo,0,1,1.0,0.0
4r standee photobooth,0,1,2.0,0.0
ukuran foto photobox,0,1,1.0,0.0
newspaper photobooth,0,1,10.0,0.0
ukuran background photo booth,0,1,8.0,0.0
neo photo,0,1,4.0,0.0
turnkey photobooth rental business package what's included,0,1,17.0,0.0
turnkey packages 360 video booth rental business,0,1,12.0,0.0
4 people poses photobooth,0,1,34.0,0.0
3×3 cm photo size,0,1,1.0,0.0
360 video camera party,0,1,1.0,0.0
360 photobooth,0,1,7.0,0.0
nearest photobooth,0,1,2.0,0.0
nala studio cikutra,0,1,7.0,0.0
photo booth photo paper,0,1,11.0,0.0
ukuran photobooth 4r,0,1,3.0,0.0
ukuran photo booth instagram,0,1,45.0,0.0
photo booth phone,0,1,7.0,0.0
ukuran kertas photo booth,0,1,6.0,0.0
ukuran kertas fotobooth,0,1,2.0,0.0
ukuran frame foto booth,0,1,1.0,0.0
ukuran fotobox,0,1,3.0,0.0
ukuran fotobooth,0,1,1.0,0.0
photo booth party rental,0,1,7.0,0.0
units,0,1,3.0,0.0
unique photobooths,0,1,10.0,0.0
photo booth parts,0,1,2.0,0.0
unique photo booth name,0,1,3.0,0.0
unique photo booth,0,1,10.0,0.0
under the sea photobooth,0,1,5.0,0.0
ukurannya berapa,0,1,1.0,0.0
ukuran untuk photo booth,0,1,2.0,0.0
party photobooth rental,0,1,46.0,0.0
ukuran photostrip photobooth,0,1,2.0,0.0
ukuran photostrip mini,0,1,8.0,0.0
ukuran photostrip,0,1,1.0,0.0
ukuran photobox,0,1,1.0,0.0
ukuran photobooth strip cm,0,1,4.0,0.0
party photobooth,0,1,81.0,0.0
ukuran photobooth di canva,0,1,2.0,0.0
party photo booths,0,1,12.0,0.0
party photo booth,0,1,39.0,0.0
360 photo booth how does it work,0,1,1.0,0.0
360 photo booth for parties,0,1,11.0,0.0
360 photo booth example,0,1,4.0,0.0
360 photo booth events,0,1,9.0,0.0
360 photo booth dimensions,0,1,9.0,0.0
vintage photo booth pictures,0,1,39.0,0.0
vintage photo booth photos,0,1,39.0,0.0
photo booth picture frame template,1,1,4.0,100.0
video booth rental,0,1,11.0,0.0
spotlight photo booth,0,1,6.0,0.0
vendor photo booth,0,1,54.0,0.0
use this,0,1,22.0,0.0
urban outfitters photobooth,0,1,1.0,0.0
university photo booth,0,1,6.0,0.0
360 photo boot,0,1,1.0,0.0
photo booth picture display ideas,0,1,13.0,0.0
360 degree photo booth,0,1,109.0,0.0
photo booth photoshoot,0,1,2.0,0.0
photo booth photos frame,0,1,7.0,0.0
photo booth photomatics,0,1,6.0,0.0
2×2 paper size,0,1,1.0,0.0
2xw size,0,1,1.0,0.0
photo booth photography,0,1,11.0,0.0
vogue photo booth,0,1,1.0,0.0
visual sample,0,1,22.0,0.0
"virginia gardens, fl 33166",0,1,2.0,0.0
vipbox photobooth,0,1,3.0,0.0
vintage photostrip,0,1,75.0,0.0
vintage photobooth miami,0,1,67.0,0.0
vintage photo strip frame,0,1,7.0,0.0
what about kissing,0,1,10.0,0.0
oobe photos,0,1,2.0,0.0
wedding photobooths,0,1,8.0,0.0
wedding photobooth strips,0,1,62.0,0.0
oob out of booth experience,0,1,2.0,0.0
wedding photo booth strip,0,1,3.0,0.0
wedding photo booth prints,0,1,12.0,0.0
wedding photo booth pictures,0,1,4.0,0.0
on word,0,1,2.0,0.0
wedding ohoto booth,0,1,11.0,0.0
wedding booth rentals,0,1,10.0,0.0
wedding booth photo,0,1,7.0,0.0
wanted photo prop,0,1,7.0,0.0
wallpaper photo booth,0,1,5.0,0.0
wallet size picture width and height,0,1,1.0,0.0
360 photo booth company,0,1,11.0,0.0
what are these called,0,1,1.0,0.0
2x6 strip photo booth,0,1,3.0,0.0
2x6 size photo,0,1,11.0,0.0
2x6 prints,0,1,2.0,0.0
2x6 print,0,1,1.0,0.0
2x6 picture,0,1,2.0,0.0
2x6 photobooth strip,0,1,3.0,0.0
old photo strips,0,1,2.0,0.0
2x6 photo paper,0,1,1.0,0.0
2x6 photo booth prints,0,1,2.0,0.0
2x6 photo,0,1,2.0,0.0
old photo strip,0,1,2.0,0.0
what are the dimentions,0,1,2.0,0.0
"what are recommended photo booth accessories to increase upsells at events (printers, backdrops, props)?",0,1,7.0,0.0
old photo booth pictures,0,1,2.0,0.0
what are photo booth props,0,1,47.0,0.0
2x6 inch photo strip,0,1,1.0,0.0
2x6 in px,0,1,1.0,0.0
2x4 photo size,0,1,5.0,0.0
2x2 width and height,0,1,1.0,0.0
2x2 sizw,0,1,1.0,0.0
2x2 size photo,0,1,1.0,0.0
2x2 size in picture,0,1,1.0,0.0
2x2 size in paint,0,1,3.0,0.0
2x2 size in inches,0,1,1.0,0.0
2x2 size in canva,0,1,3.0,0.0
2x2 picture size in word,0,1,2.0,0.0
ohoto booth rental,0,1,5.0,0.0
mặt,0,1,3.0,0.0
what do i di,0,1,3.0,0.0
what are those,0,1,1.0,0.0
what are they called,0,1,1.0,0.0
what is size of polaroid photo,0,1,1.0,0.0
what is size of 2x2 picture,0,1,1.0,0.0
what is size of 2x2,0,1,1.0,0.0
what is polaroid size photo,0,1,1.0,0.0
what is polaroid size,0,1,3.0,0.0
máy in photobooth,0,1,2.0,0.0
what is picture composition,0,1,1.0,0.0
what is it called those photo peaple put next to there work desk or next to there bed,0,1,6.0,0.0
what is a polaroid size,0,1,1.0,0.0
what is a glamour shot,0,1,9.0,0.0
what is a booth shot,0,1,60.0,0.0
what is a boomerang picture,0,1,10.0,0.0
what is 2x2 size,0,1,3.0,0.0
what is 2x2 picture size,0,1,1.0,0.0
what is 2mb photo,0,1,1.0,0.0
what is 2000 x 2000 px,0,1,1.0,0.0
2x2 pic in mm,0,1,3.0,0.0
2x2 photo size,0,1,1.0,0.0
2x2 photo on iphone,0,1,1.0,0.0
myphotobooth.com,0,1,5.0,0.0
2x2 photo,0,1,1.0,0.0
2x2 passport size in inches,0,1,3.0,0.0
2x2 inches photo,0,1,1.0,0.0
2x2 inch photo,0,1,1.0,0.0
2x2 inch,0,1,1.0,0.0
2x2 in cm,0,1,2.0,0.0
myboothpic,0,1,2.0,0.0
2x2 dimensions,0,1,1.0,0.0
2x2 dimension,0,1,1.0,0.0
2v2 picture size,0,1,1.0,0.0
what is that thing called,0,1,2.0,0.0
what is smaller than 4x6,0,1,1.0,0.0
2inch photo,0,1,1.0,0.0
2inch by 2inch photo,0,1,1.0,0.0
2inch by 2 inch photo,0,1,1.0,0.0
my fun photo booth,0,1,48.0,0.0
2by 2 size,0,1,1.0,0.0
2026nacqrphotobooth!,0,1,11.0,0.0
2000 pixels width and height,0,1,1.0,0.0
2.5×3.5 photo size,0,1,1.0,0.0
museum of us photo size,0,1,1.0,0.0
2*4 photo size,0,1,4.0,0.0
what is the size of a 2x2 picture,0,1,1.0,0.0
what is the size of 2×2 picture,0,1,1.0,0.0
what is the size of 2x2,0,1,1.0,0.0
mtv photobooth,0,1,4.0,0.0
what is the name,0,1,1.0,0.0
what is the dimensions of a polaroid photo,0,1,3.0,0.0
2 x 2 size,0,1,1.0,0.0
2 x 2 picture size,0,1,3.0,0.0
2 x 2 inch photo,0,1,1.0,0.0
2 strips photobooth,0,1,12.0,0.0
2 mb photo size in pixels,0,1,1.0,0.0
2 inch x 2 inch photo,0,1,1.0,0.0
what size are pictures,0,1,8.0,0.0
msphotobooth,0,1,5.0,0.0
what size are instax mini photos,0,1,1.0,0.0
what paper is used for photobooths,0,1,1.0,0.0
what is this type of picture called,0,1,1.0,0.0
what is the standard size of a polaroid picture,0,1,1.0,0.0
what is the size of this,0,1,1.0,0.0
2r photo size in cm,0,1,1.0,0.0
2mb size width and height,0,1,1.0,0.0
2inch x 2inch photo,0,1,1.0,0.0
ms photo booth,0,1,67.0,0.0
mother's day photo booth props printable,0,1,9.0,0.0
what style is this?,0,1,3.0,0.0
what size of 2x2 picture,0,1,1.0,0.0
what size is this?,0,1,2.0,0.0
what size is the 2x2 picture,0,1,1.0,0.0
what size is normal photo,0,1,41.0,0.0
what size is a polaroid photo,0,1,1.0,0.0
photo booth pose,0,1,5.0,0.0
what size is 2x2,0,1,1.0,0.0
what size is 2000 x 2000 pixels,0,1,1.0,0.0
2*2 photo size,0,1,1.0,0.0
2*2 in cm,0,1,2.0,0.0
"2"" x 6""",0,1,5.0,0.0
2 x2 size in cm,0,1,1.0,0.0
2 x 6 inches,0,1,5.0,0.0
where can i take photobooth pictures,0,1,1.0,0.0
where can i rent a photo booth,0,1,10.0,0.0
photo booth portraits,0,1,79.0,0.0
where can i find a photo booth near me,0,1,7.0,0.0
where can event planners rent minimalist photobooths that match modern decor?,0,1,6.0,0.0
what’s another name,0,1,4.0,0.0
whats the width,0,1,5.0,0.0
whats photo booth,0,1,1.0,0.0
whats a photobooth,0,1,1.0,0.0
whats a photo booth,0,1,1.0,0.0
what's this called?,0,1,22.0,0.0
what's the size of polaroid pictures,0,1,1.0,0.0
what's smaller than a 4x6 picture,0,1,1.0,0.0
what's it's called,0,1,2.0,0.0
what type of paper is used in photo booth,0,1,1.0,0.0
what this called,0,1,1.0,0.0
yeh,0,1,5.0,0.0
yang benar photobooth atau photobox,0,1,3.0,0.0
xl photo strips,0,1,6.0,0.0
wynwood miami,0,1,1.0,0.0
wynwood,0,1,1.0,0.0
wooden photo booth shell,0,1,10.0,0.0
wooden photo booth hire,0,1,7.0,0.0
with consent,0,1,1.0,0.0
photo booth poipet,0,1,12.0,0.0
why is,0,1,1.0,0.0
photo booth pictures frame,0,1,12.0,0.0
who are these people,0,1,5.0,0.0
where to take photo booth pictures,0,1,2.0,0.0
photo booth props maker online,0,1,2.0,0.0
where to find a photo booth,0,1,1.0,0.0
where is there a photo booth near me,0,1,10.0,0.0
หมายถึงรูป,0,1,1.0,0.0
2 inch to cm photo,0,1,2.0,0.0
2 inch to cm,0,1,2.0,0.0
2 inch to 2 inch photo,0,1,4.0,0.0
2 inch picture size,0,1,1.0,0.0
2 inch by 2 inch photo,0,1,1.0,0.0
photo booth props handmade,0,1,6.0,0.0
2 by 2 photo size in cm,0,1,1.0,0.0
2 by 2 measurement,0,1,1.0,0.0
2 by 2 inch,0,1,1.0,0.0
2 by 2 in,0,1,1.0,0.0
2 by 2,0,1,2.0,0.0
2 2 picture size,0,1,1.0,0.0
your photo booth,0,1,9.0,0.0
your booths kent,0,1,8.0,0.0
(inurl:post) long beach station,0,1,9.0,0.0
photo booth printing,0,1,1.0,0.0
სელფი photos,0,1,53.0,0.0
شريط الصور,0,1,2.0,0.0
photo booth printer rental,0,1,89.0,0.0
фотобудка на англ,0,1,2.0,0.0
фотобудка купить,0,1,5.0,0.0
фотобудка бизнес,0,1,4.0,0.0
фотобудка,0,1,5.0,0.0
photo booth post,0,1,1.0,0.0
фото в фотобудке,0,1,3.0,0.0
moose booths,0,1,7.0,0.0
как называются фотографии из фотобудки,0,1,2.0,0.0
как называются фото из фотобудки,0,1,2.0,0.0
кабина для фотографирования,0,1,2.0,0.0
yoyo photobooth,0,1,5.0,0.0
vendor photobooth,0,1,57.0,0.0
